№,Код ЕПГУ,Согласие в ННГУ,Общий балл,Сумма баллов без ИД,Приоритет,Дисциплины,Статус
1,2,3,4
1. Целевой федеральный. Количество мест: 0
,,,,,,,,,,
2. Квота (особое право). Количество мест: 5
1,4342412,,261,261,2,80,95,86,0,заявление принято
2,4809449,,254,244,2,90,88,66,10,заявление принято
3,4258265,,253,253,2,86,95,72,0,заявление принято
4,4256525,,244,234,3,78,83,73,10,заявление принято
5,4751922,,229,219,1,82,65,72,10,заявление принято
6,3956689,,216,216,5,72,78,66,0,заявление принято
7,4212975,,205,199,3,74,70,55,6,заявление принято
8,4069643,,199,199,1,72,70,57,0,заявление принято
9,4108559,,196,196,4,74,67,55,0,заявление принято
10,4570146,,193,190,3,72,64,54,3,заявление принято
11,3807526,,177,177,5,64,46,67,0,заявление принято
12,4287263,,168,168,1,72,48,48,0,заявление принято
13,4159336,,155,155,4,52,48,55,0,заявление принято
14,4691512,,152,152,3,46,49,57,0,заявление принято
15,4657615,,140,140,4,52,46,42,0,заявление принято
16,4225471,+,236,226,5,76,75,75,10,проходит по другому приоритету
17,3700588,+,218,218,3,76,64,78,0,проходит по другому приоритету
18,4294770,+,206,206,3,72,53,81,0,проходит по другому приоритету
19,3952650,+,195,195,3,66,59,70,0,проходит по другому приоритету
20,4079792,+,188,188,2,61,57,70,0,проходит по другому приоритету
21,3844821,+,181,181,2,64,54,63,0,проходит по другому приоритету
22,4667983,+,168,168,3,46,62,60,0,проходит по другому приоритету
23,3954396,+,149,149,2,40,51,58,0,проходит по другому приоритету
3. Отдельная квота. Количество мест: 5
1,4219465,+,198,197,1,72,65,60,1,проходит по этому приоритету
2,4085720,,БВИ,БВИ,5,БВИ,БВИ,БВИ,10,заявление принято
3,4544708,,285,275,2,88,98,89,10,заявление принято
4,4168514,,272,262,6,88,93,81,10,заявление принято
5,4063021,,272,262,5,86,93,83,10,заявление принято
6,4299546,,257,257,6,76,95,86,0,заявление принято
7,4593052,,251,241,1,82,78,81,10,заявление принято
8,4559616,,246,236,5,82,79,75,10,заявление принято
9,4849499,,241,238,3,82,70,86,3,заявление принято
10,3750534,,237,237,2,82,83,72,0,заявление принято
11,4491876,,237,227,2,84,74,69,10,заявление принято
12,3823586,,237,227,6,80,75,72,10,заявление принято
13,3896172,,237,227,3,72,88,67,10,заявление принято
14,4888902,,236,236,1,74,73,89,0,заявление принято
15,4073869,,230,220,2,78,67,75,10,заявление принято
16,4346802,,227,227,1,74,78,75,0,заявление принято
17,3988655,,227,217,4,78,64,75,10,заявление принято
18,3855238,,222,222,3,80,75,67,0,заявление принято
19,4496213,,221,221,5,82,75,64,0,заявление принято
20,3779214,,220,212,3,76,80,56,8,заявление принято
21,3988507,,217,215,2,80,84,51,2,заявление принято
22,4839296,,216,216,3,84,65,67,0,заявление принято
23,4487957,,215,215,4,74,80,61,0,заявление принято
24,4222843,,213,213,1,72,75,66,0,заявление принято
25,4714512,,210,210,1,70,65,75,0,заявление принято
26,4162691,,207,207,4,80,67,60,0,заявление принято
27,4472871,,206,206,5,80,80,46,0,заявление принято
28,4904466,,205,205,1,64,78,63,0,заявление принято
29,4194958,,202,202,2,74,59,69,0,заявление принято
30,4841749,,201,201,2,76,67,58,0,заявление принято
31,4714045,,199,199,1,72,64,63,0,заявление принято
32,4108559,,196,196,4,74,67,55,0,заявление принято
33,3755015,,192,192,3,52,75,65,0,заявление принято
34,4231099,,189,186,3,70,59,57,3,заявление принято
35,3950333,,186,186,2,64,70,52,0,заявление принято
36,4016579,,186,186,3,64,67,55,0,заявление принято
37,4344953,,186,176,4,64,51,61,10,заявление принято
38,4329894,,182,182,1,58,60,64,0,заявление принято
39,3807526,,177,177,5,64,46,67,0,заявление принято
40,3912619,,175,175,3,46,53,76,0,заявление принято
41,4488462,,169,169,1,58,56,55,0,заявление принято
42,4578919,,168,168,5,64,62,42,0,заявление принято
43,4248733,,159,159,3,58,49,52,0,заявление принято
44,4038527,,155,155,2,52,46,57,0,заявление принято
45,4046452,,136,136,7,40,53,43,0,заявление принято
46,4218485,+,268,268,4,84,98,86,0,проходит по другому приоритету
47,4595430,+,245,235,2,84,78,73,10,проходит по другому приоритету
48,3868498,+,235,235,2,74,78,83,0,проходит по другому приоритету
49,4104335,+,234,234,7,74,77,83,0,проходит по другому приоритету
50,4593117,+,227,224,2,78,76,70,3,проходит по другому приоритету
51,4163194,+,222,212,7,72,65,75,10,проходит по другому приоритету
52,4688249,+,213,203,2,78,56,69,10,проходит по другому приоритету
53,4863237,+,210,200,4,72,70,58,10,проходит по другому приоритету
54,3969622,+,208,208,2,64,75,69,0,проходит по другому приоритету
55,4559041,+,207,207,2,78,83,46,0,проходит по другому приоритету
56,4312475,+,207,202,6,70,51,81,5,проходит по другому приоритету
57,4630056,+,198,198,4,70,70,58,0,проходит по другому приоритету
58,4776904,+,198,195,3,74,70,51,3,проходит по другому приоритету
59,4763509,+,158,158,2,70,46,42,0,проходит по другому приоритету
4. Бюджет (общий конкурс). Количество мест: 40
1,4306243,+,286,276,1,88,94,94,10,проходит по этому приоритету
2,4249350,+,263,263,1,82,90,91,0,проходит по этому приоритету
3,4066176,+,262,256,1,86,95,75,6,проходит по этому приоритету
4,3728654,+,261,261,1,80,98,83,0,проходит по этому приоритету
5,4324021,+,261,251,1,82,83,86,10,проходит по этому приоритету
6,4131789,+,249,239,1,78,75,86,10,проходит по этому приоритету
7,4688576,+,248,248,1,78,90,80,0,проходит по этому приоритету
8,4017428,+,248,238,1,76,79,83,10,проходит по этому приоритету
9,4144820,+,245,243,1,80,85,78,2,проходит по этому приоритету
10,4093496,+,243,239,2,78,83,78,4,проходит по этому приоритету
11,4318327,+,243,233,2,82,78,73,10,проходит по этому приоритету
12,4894484,+,242,242,2,82,88,72,0,проходит по этому приоритету
13,3990255,+,242,232,1,84,75,73,10,проходит по этому приоритету
14,3704565,+,241,241,1,78,80,83,0,проходит по этому приоритету
15,4648859,+,240,230,2,80,67,83,10,проходит по этому приоритету
16,3699067,+,238,228,1,80,76,72,10,проходит по этому приоритету
17,4267726,+,238,228,1,70,80,78,10,проходит по этому приоритету
18,4463296,+,236,233,1,72,88,73,3,проходит по этому приоритету
19,4722169,+,236,226,2,70,75,81,10,проходит по этому приоритету
20,4639839,+,234,234,1,78,75,81,0,проходит по этому приоритету
21,3827416,+,234,234,2,76,80,78,0,проходит по этому приоритету
22,4073364,+,233,233,1,86,78,69,0,проходит по этому приоритету
23,3698984,+,227,227,2,82,78,67,0,проходит по этому приоритету
24,4259344,+,227,227,1,78,83,66,0,проходит по этому приоритету
25,4542074,+,227,227,2,68,78,81,0,проходит по этому приоритету
26,4015402,+,226,219,1,76,83,60,7,проходит по этому приоритету
27,3624962,+,225,221,1,72,83,66,4,проходит по этому приоритету
28,4282102,+,225,215,1,70,78,67,10,проходит по этому приоритету
29,4253189,+,221,221,1,72,85,64,0,проходит по этому приоритету
30,4066157,+,218,208,2,74,64,70,10,проходит по этому приоритету
31,4132998,+,217,217,1,78,72,67,0,проходит по этому приоритету
32,3728201,+,217,217,1,76,75,66,0,проходит по этому приоритету
33,4666145,+,216,216,1,70,80,66,0,проходит по этому приоритету
34,4848901,+,215,215,1,74,78,63,0,проходит по этому приоритету
35,4644697,+,214,214,1,82,62,70,0,проходит по этому приоритету
36,3990117,+,213,211,2,84,70,57,2,проходит по этому приоритету
37,4211354,+,213,203,2,74,59,70,10,проходит по этому приоритету
38,3871738,+,212,212,1,70,64,78,0,проходит по этому приоритету
39,4022251,+,211,208,2,64,75,69,3,проходит по этому приоритету
40,4885359,+,208,208,2,74,67,67,0,проходит по этому приоритету
41,4405098,,302,292,2,98,100,94,10,заявление принято
42,4279303,,301,291,2,100,100,91,10,заявление принято
43,4828173,,299,289,3,97,95,97,10,заявление принято
44,3973260,,296,286,4,94,98,94,10,заявление принято
45,4071251,,292,282,2,92,93,97,10,заявление принято
46,4086785,,291,281,3,95,92,94,10,заявление принято
47,4446791,,288,278,2,100,100,78,10,заявление принято
48,4763780,,287,277,2,96,98,83,10,заявление принято
49,4165604,,287,277,5,88,95,94,10,заявление принято
50,3877823,,287,277,2,86,100,91,10,заявление принято
51,3901613,,285,282,5,88,100,94,3,заявление принято
52,3995422,,285,275,2,100,75,100,10,заявление принято
53,3846076,,285,275,2,98,88,89,10,заявление принято
54,3870015,,285,275,5,94,98,83,10,заявление принято
55,4069304,,285,275,3,94,92,89,10,заявление принято
56,4357938,,285,275,2,92,100,83,10,заявление принято
57,4544708,,285,275,2,88,98,89,10,заявление принято
58,4275990,,285,275,3,86,98,91,10,заявление принято
59,4761714,,285,275,2,86,98,91,10,заявление принято
60,4482774,,284,274,5,97,88,89,10,заявление принято
61,4855270,,284,274,2,95,88,91,10,заявление принято
62,3788950,,284,274,3,90,98,86,10,заявление принято
63,3908801,,284,274,4,90,93,91,10,заявление принято
64,4032773,,284,274,3,88,100,86,10,заявление принято
65,4137254,,284,274,4,86,94,94,10,заявление принято
66,4500374,,283,274,2,88,95,91,9,заявление принято
67,4014301,,283,273,3,92,98,83,10,заявление принято
68,4215544,,283,273,2,90,100,83,10,заявление принято
69,4373192,,282,282,1,92,93,97,0,заявление принято
70,4570396,,282,272,3,92,94,86,10,заявление принято
71,4641491,,281,271,3,90,90,91,10,заявление принято
72,4371229,,281,271,1,88,83,100,10,заявление принято
73,4372570,,281,271,1,84,98,89,10,заявление принято
74,4573639,,280,278,2,86,98,94,2,заявление принято
75,4765755,,280,270,3,94,98,78,10,заявление принято
76,4667138,,280,270,6,94,85,91,10,заявление принято
77,3929579,,280,270,4,92,95,83,10,заявление принято
78,4440309,,280,270,5,88,96,86,10,заявление принято
79,4364418,,280,270,5,88,96,86,10,заявление принято
80,3846393,,280,270,4,86,98,86,10,заявление принято
81,4414796,,280,270,3,86,95,89,10,заявление принято
82,3938059,,280,270,2,86,95,89,10,заявление принято
83,4219843,,280,270,1,78,98,94,10,заявление принято
84,4230406,,279,269,2,90,88,91,10,заявление принято
85,4620780,,279,269,3,88,92,89,10,заявление принято
86,3968113,,279,269,2,88,90,91,10,заявление принято
87,4451086,,279,269,5,86,92,91,10,заявление принято
88,4222846,,279,269,2,82,98,89,10,заявление принято
89,3946461,,278,278,2,94,98,86,0,заявление принято
90,3919376,,278,268,4,100,95,73,10,заявление принято
91,3919418,,278,268,3,94,88,86,10,заявление принято
92,3863998,,278,268,5,86,82,100,10,заявление принято
93,4030148,,278,268,2,82,100,86,10,заявление принято
94,4766214,,277,267,2,96,85,86,10,заявление принято
95,4312915,,277,267,4,94,90,83,10,заявление принято
96,3590480,,277,267,3,88,90,89,10,заявление принято
97,4278466,,277,267,2,84,90,93,10,заявление принято
98,4315190,,276,273,3,92,95,86,3,заявление принято
99,4230250,,276,273,5,92,95,86,3,заявление принято
100,4582603,,276,266,3,99,84,83,10,заявление принято
101,4446553,,276,266,2,92,88,86,10,заявление принято
102,4108335,,276,266,2,90,93,83,10,заявление принято
103,4349185,,276,266,1,90,90,86,10,заявление принято
104,4657038,,276,266,5,90,85,91,10,заявление принято
105,4192254,,276,266,2,84,93,89,10,заявление принято
106,4766413,,276,266,4,82,93,91,10,заявление принято
107,4274471,,276,266,4,82,93,91,10,заявление принято
108,4343618,,275,272,3,86,95,91,3,заявление принято
109,4280305,,275,272,2,82,93,97,3,заявление принято
110,4105318,,275,265,5,100,84,81,10,заявление принято
111,4330557,,275,265,1,88,83,94,10,заявление принято
112,3900817,,274,274,2,90,98,86,0,заявление принято
113,3916961,,274,265,5,70,98,97,9,заявление принято
114,3955064,,274,264,2,90,93,81,10,заявление принято
115,4383258,,274,264,4,90,85,89,10,заявление принято
116,4527913,,274,264,4,88,95,81,10,заявление принято
117,4078720,,274,264,4,84,83,97,10,заявление принято
118,3849571,,274,264,4,80,98,86,10,заявление принято
119,4251721,,273,263,3,94,88,81,10,заявление принято
120,4155914,,273,263,6,92,93,78,10,заявление принято
121,4645288,,273,263,3,90,100,73,10,заявление принято
122,4331698,,273,263,3,88,92,83,10,заявление принято
123,4660168,,273,263,3,88,86,89,10,заявление принято
124,4769480,,273,263,5,84,90,89,10,заявление принято
125,3923276,,273,263,3,82,90,91,10,заявление принято
126,4618814,,273,263,2,82,90,91,10,заявление принято
127,4168514,,272,262,6,88,93,81,10,заявление принято
128,4169681,,272,262,3,88,93,81,10,заявление принято
129,4063021,,272,262,5,86,93,83,10,заявление принято
130,3620117,,272,262,5,84,95,83,10,заявление принято
131,3995068,,272,262,3,80,88,94,10,заявление принято
132,4500416,,271,264,3,80,98,86,7,заявление принято
133,4082052,,271,261,2,92,80,89,10,заявление принято
134,4572570,,271,261,4,90,88,83,10,заявление принято
135,3887220,,271,261,4,88,98,75,10,заявление принято
136,4431374,,271,261,2,88,92,81,10,заявление принято
137,4670623,,271,261,2,82,88,91,10,заявление принято
138,4564851,,271,261,3,82,88,91,10,заявление принято
139,3823309,,271,261,3,80,90,91,10,заявление принято
140,4698177,,270,260,2,94,88,78,10,заявление принято
141,4531851,,270,260,3,92,93,75,10,заявление принято
142,3828416,,270,260,1,84,79,97,10,заявление принято
143,4403670,,270,260,2,84,79,97,10,заявление принято
144,4826463,,269,268,2,92,93,83,1,заявление принято
145,4044411,,269,259,4,88,90,81,10,заявление принято
146,4580746,,269,259,2,80,98,81,10,заявление принято
147,4306347,,269,259,3,80,88,91,10,заявление принято
148,3861616,,269,259,2,80,85,94,10,заявление принято
149,4036323,,269,259,2,78,95,86,10,заявление принято
150,3941072,,269,259,1,78,95,86,10,заявление принято
151,4840754,,268,268,2,94,88,86,0,заявление принято
152,4279165,,268,268,2,84,93,91,0,заявление принято
153,4134460,,268,258,2,84,93,81,10,заявление принято
154,4271223,,268,258,2,84,88,86,10,заявление принято
155,4276394,,268,258,2,84,88,86,10,заявление принято
156,4346560,,268,258,2,84,85,89,10,заявление принято
157,3897673,,268,258,4,84,83,91,10,заявление принято
158,3591132,,268,258,2,84,80,94,10,заявление принято
159,3889567,,268,258,2,82,90,86,10,заявление принято
160,4453749,,268,258,2,80,95,83,10,заявление принято
161,4401702,,267,267,3,88,93,86,0,заявление принято
162,4743833,,267,267,3,86,90,91,0,заявление принято
163,4399797,,267,267,4,84,100,83,0,заявление принято
164,4274869,,267,265,5,78,96,91,2,заявление принято
165,4063891,,267,257,3,90,92,75,10,заявление принято
166,4337618,,267,257,4,80,88,89,10,заявление принято
167,4161801,,266,266,1,82,90,94,0,заявление принято
168,4726250,,266,263,3,92,90,81,3,заявление принято
169,4595548,,266,256,2,88,90,78,10,заявление принято
170,4335157,,266,256,2,88,85,83,10,заявление принято
171,4237271,,266,256,2,84,83,89,10,заявление принято
172,4769393,,266,256,4,84,83,89,10,заявление принято
173,3822510,,266,256,2,82,85,89,10,заявление принято
174,4715910,,266,256,1,82,85,89,10,заявление принято
175,4036348,,265,265,3,86,88,91,0,заявление принято
176,4727612,,265,259,2,80,90,89,6,заявление принято
177,3990036,,265,255,3,94,83,78,10,заявление принято
178,4098518,,265,255,2,94,72,89,10,заявление принято
179,4072632,,265,255,2,78,88,89,10,заявление принято
180,4187087,,264,264,2,80,93,91,0,заявление принято
181,3834160,,264,254,3,88,80,86,10,заявление принято
182,4704246,,264,254,2,82,78,94,10,заявление принято
183,3841579,,264,254,2,80,83,91,10,заявление принято
184,4907102,,263,263,3,95,90,78,0,заявление принято
185,4733351,,263,260,3,86,88,86,3,заявление принято
186,4727614,,263,256,1,88,85,83,7,заявление принято
187,3845351,,263,253,4,88,84,81,10,заявление принято
188,4696425,,263,253,3,84,88,81,10,заявление принято
189,4132304,,263,253,1,84,83,86,10,заявление принято
190,4106085,,263,253,5,84,83,86,10,заявление принято
191,4082733,,263,253,3,84,83,86,10,заявление принято
192,4133512,,263,253,3,82,93,78,10,заявление принято
193,4058220,,263,253,3,82,93,78,10,заявление принято
194,4098779,,263,253,4,82,85,86,10,заявление принято
195,4534612,,263,253,3,82,85,86,10,заявление принято
196,4386811,,263,253,7,82,80,91,10,заявление принято
197,4406437,,263,253,3,76,83,94,10,заявление принято
198,3828381,,262,262,2,84,100,78,0,заявление принято
199,4436220,,262,262,3,84,92,86,0,заявление принято
200,4258693,,262,259,3,82,94,83,3,заявление принято
201,4199136,,262,252,2,90,90,72,10,заявление принято
202,4280557,,262,252,2,84,90,78,10,заявление принято
203,4104326,,262,252,1,84,90,78,10,заявление принято
204,4757948,,262,252,2,84,85,83,10,заявление принято
205,4263441,,262,252,2,82,95,75,10,заявление принято
206,4057446,,262,252,4,80,83,89,10,заявление принято
207,4057171,,262,252,4,80,83,89,10,заявление принято
208,4620341,,262,252,1,78,88,86,10,заявление принято
209,4124451,,262,252,4,78,80,94,10,заявление принято
210,4272209,,262,252,4,74,95,83,10,заявление принято
211,4229793,,261,261,5,88,90,83,0,заявление принято
212,3779649,,261,261,4,80,95,86,0,заявление принято
213,3874700,,261,253,3,84,83,86,8,заявление принято
214,4094482,,261,251,1,82,88,81,10,заявление принято
215,4884714,,261,251,3,80,90,81,10,заявление принято
216,4118470,,261,251,3,80,90,81,10,заявление принято
217,4255005,,261,251,2,80,80,91,10,заявление принято
218,4475773,,261,251,1,78,95,78,10,заявление принято
219,4035136,,260,260,4,82,100,78,0,заявление принято
220,4279755,,260,260,2,82,100,78,0,заявление принято
221,3690012,,260,260,3,82,78,100,0,заявление принято
222,3700560,,260,257,4,86,90,81,3,заявление принято
223,4215668,,260,250,5,92,94,64,10,заявление принято
224,3619842,,260,250,1,88,84,78,10,заявление принято
225,4649785,,260,250,5,84,88,78,10,заявление принято
226,4852143,,260,250,3,84,80,86,10,заявление принято
227,3859114,,260,250,2,78,83,89,10,заявление принято
228,4614366,,260,250,3,76,88,86,10,заявление принято
229,4404295,,259,259,3,90,88,81,0,заявление принято
230,3697866,,259,259,4,90,88,81,0,заявление принято
231,4855184,,259,259,4,88,85,86,0,заявление принято
232,4786891,,259,259,4,82,83,94,0,заявление принято
233,4145662,,259,249,2,90,90,69,10,заявление принято
234,4855731,,259,249,4,90,78,81,10,заявление принято
235,4065642,,259,249,2,88,88,73,10,заявление принято
236,4483354,,259,249,2,86,93,70,10,заявление принято
237,3785994,,259,249,4,84,90,75,10,заявление принято
238,4485785,,259,249,5,84,79,86,10,заявление принято
239,4760674,,258,258,7,74,90,94,0,заявление принято
240,4282155,,258,258,1,74,90,94,0,заявление принято
241,3920347,,258,256,4,82,88,86,2,заявление принято
242,4574707,,258,248,4,86,93,69,10,заявление принято
243,4859416,,258,248,1,86,79,83,10,заявление принято
244,4870085,,258,248,1,84,83,81,10,заявление принято
245,4272215,,258,248,4,84,78,86,10,заявление принято
246,4493983,,258,248,2,84,78,86,10,заявление принято
247,4248958,,258,248,4,82,85,81,10,заявление принято
248,4210454,,258,248,2,82,83,83,10,заявление принято
249,4897743,,258,248,2,80,90,78,10,заявление принято
250,4105659,,258,248,1,80,82,86,10,заявление принято
251,4840862,,257,257,9,88,78,91,0,заявление принято
252,3841463,,257,257,3,82,100,75,0,заявление принято
253,4299546,,257,257,6,76,95,86,0,заявление принято
254,4324134,,257,247,3,88,76,83,10,заявление принято
255,4402135,,257,247,3,86,72,89,10,заявление принято
256,4769986,,257,247,2,82,95,70,10,заявление принято
257,4224783,,257,247,2,78,94,75,10,заявление принято
258,4392984,,257,247,5,78,80,89,10,заявление принято
259,4431718,,257,247,2,76,80,91,10,заявление принято
260,4306229,,257,247,1,76,80,91,10,заявление принято
261,4805952,,257,247,3,74,90,83,10,заявление принято
262,4736459,,256,256,2,94,90,72,0,заявление принято
263,3947188,,256,256,4,82,85,89,0,заявление принято
264,4563135,,256,253,3,82,98,73,3,заявление принято
265,4470172,,256,253,3,80,98,75,3,заявление принято
266,3598165,,256,251,3,80,90,81,5,заявление принято
267,4090812,,256,246,5,88,88,70,10,заявление принято
268,4550956,,256,246,4,82,83,81,10,заявление принято
269,4065371,,256,246,2,80,100,66,10,заявление принято
270,4634052,,256,246,3,80,85,81,10,заявление принято
271,4158833,,256,246,4,80,85,81,10,заявление принято
272,3843100,,256,246,2,80,85,81,10,заявление принято
273,3849396,,256,246,1,80,83,83,10,заявление принято
274,3920134,,256,246,2,78,93,75,10,заявление принято
275,4755789,,256,246,3,78,90,78,10,заявление принято
276,4031424,,256,246,4,78,85,83,10,заявление принято
277,4097176,,256,246,1,78,85,83,10,заявление принято
278,4605151,,256,246,2,74,83,89,10,заявление принято
279,4690898,,255,255,3,92,90,73,0,заявление принято
280,3703627,,255,255,4,84,90,81,0,заявление принято
281,4262808,,255,255,1,84,88,83,0,заявление принято
282,4594055,,255,255,2,84,88,83,0,заявление принято
283,3989738,,255,255,2,78,88,89,0,заявление принято
284,4281992,,255,252,3,86,83,83,3,заявление принято
285,4889705,,255,252,2,84,95,73,3,заявление принято
286,4375651,,255,252,3,84,90,78,3,заявление принято
287,4764995,,255,245,4,84,78,83,10,заявление принято
288,4808533,,255,245,3,84,75,86,10,заявление принято
289,4553289,,255,245,3,82,88,75,10,заявление принято
290,4517379,,255,245,2,76,88,81,10,заявление принято
291,4171200,,255,245,2,76,83,86,10,заявление принято
292,4727568,,255,245,4,76,75,94,10,заявление принято
293,4747697,,254,254,6,78,93,83,0,заявление принято
294,4592229,,254,244,4,94,78,72,10,заявление принято
295,4809449,,254,244,2,90,88,66,10,заявление принято
296,4570404,,254,244,1,88,83,73,10,заявление принято
297,4033018,,254,244,2,88,75,81,10,заявление принято
298,4707119,,254,244,6,86,85,73,10,заявление принято
299,4452718,,254,244,6,86,67,91,10,заявление принято
300,4106160,,254,244,2,82,79,83,10,заявление принято
301,4247642,,254,244,5,80,83,81,10,заявление принято
302,4584228,,254,244,2,80,83,81,10,заявление принято
303,4256530,,254,244,3,78,80,86,10,заявление принято
304,4598769,,254,244,2,70,85,89,10,заявление принято
305,4006611,,253,253,3,90,85,78,0,заявление принято
306,4159034,,253,253,2,88,93,72,0,заявление принято
307,4258265,,253,253,2,86,95,72,0,заявление принято
308,4723264,,253,253,2,82,93,78,0,заявление принято
309,4907909,,253,253,4,82,90,81,0,заявление принято
310,3840258,,253,253,2,82,90,81,0,заявление принято
311,4254117,,253,253,3,72,90,91,0,заявление принято
312,4388434,,253,251,6,82,86,83,2,заявление принято
313,3812831,,253,250,4,82,85,83,3,заявление принято
314,4717714,,253,243,4,88,72,83,10,заявление принято
315,4165379,,253,243,4,82,83,78,10,заявление принято
316,3891743,,253,243,2,82,80,81,10,заявление принято
317,4559552,,253,243,4,82,72,89,10,заявление принято
318,4282817,,253,243,2,80,88,75,10,заявление принято
319,4306236,,253,243,3,76,78,89,10,заявление принято
320,4349472,,253,243,4,74,80,89,10,заявление принято
321,4359138,,253,243,7,74,78,91,10,заявление принято
322,3989180,,253,243,3,74,75,94,10,заявление принято
323,4225479,,252,252,2,84,98,70,0,заявление принято
324,4377383,,252,252,2,84,90,78,0,заявление принято
325,4255259,,252,249,4,88,88,73,3,заявление принято
326,4220307,,252,249,2,78,88,83,3,заявление принято
327,4329394,,252,248,1,76,83,89,4,заявление принято
328,3956611,,252,242,1,86,78,78,10,заявление принято
329,4637484,,252,242,1,84,80,78,10,заявление принято
330,4264283,,252,242,1,82,88,72,10,заявление принято
331,4553912,,252,242,2,82,85,75,10,заявление принято
332,4342473,,252,242,5,82,77,83,10,заявление принято
333,4100936,,252,242,4,76,85,81,10,заявление принято
334,4163628,,252,242,3,76,83,83,10,заявление принято
335,4725379,,251,251,4,82,83,86,0,заявление принято
336,4002525,,251,251,2,80,85,86,0,заявление принято
337,3749959,,251,251,2,70,98,83,0,заявление принято
338,3910205,,251,250,1,76,85,89,1,заявление принято
339,4713807,,251,248,2,82,93,73,3,заявление принято
340,3875060,,251,248,2,80,85,83,3,заявление принято
341,4072385,,251,248,2,78,79,91,3,заявление принято
342,4751171,,251,246,2,88,86,72,5,заявление принято
343,3953789,,251,241,2,80,83,78,10,заявление принято
344,4097811,,251,241,5,80,78,83,10,заявление принято
345,4052644,,251,241,1,78,80,83,10,заявление принято
346,4345709,,251,241,3,78,80,83,10,заявление принято
347,4048440,,251,241,3,78,80,83,10,заявление принято
348,3944363,,251,241,2,76,90,75,10,заявление принято
349,3926000,,251,241,2,76,79,86,10,заявление принято
350,4578957,,250,250,3,84,77,89,0,заявление принято
351,3711152,,250,250,7,82,82,86,0,заявление принято
352,4174304,,250,248,4,90,88,70,2,заявление принято
353,3865943,,250,247,3,82,93,72,3,заявление принято
354,3710066,,250,244,2,82,93,69,6,заявление принято
355,4786628,,250,243,2,88,83,72,7,заявление принято
356,4805119,,250,240,3,88,83,69,10,заявление принято
357,4638423,,250,240,2,84,75,81,10,заявление принято
358,4223847,,250,240,5,82,88,70,10,заявление принято
359,3861466,,250,240,4,82,83,75,10,заявление принято
360,4497729,,250,240,1,82,75,83,10,заявление принято
361,4796026,,250,240,4,82,75,83,10,заявление принято
362,4645099,,250,240,4,80,85,75,10,заявление принято
363,3761082,,250,240,2,74,83,83,10,заявление принято
364,3956173,,249,249,2,78,85,86,0,заявление принято
365,3732927,,249,248,3,82,83,83,1,заявление принято
366,4029258,,249,246,1,90,95,61,3,заявление принято
367,3871996,,249,245,3,80,90,75,4,заявление принято
368,4161582,,249,239,3,86,72,81,10,заявление принято
369,4267201,,249,239,2,82,90,67,10,заявление принято
370,4587033,,249,239,1,82,85,72,10,заявление принято
371,4003791,,249,239,2,80,73,86,10,заявление принято
372,4666807,,249,239,7,78,80,81,10,заявление принято
373,4673645,,248,248,2,86,73,89,0,заявление принято
374,4141570,,248,248,3,82,93,73,0,заявление принято
375,4006920,,248,247,1,84,93,70,1,заявление принято
376,4766060,,248,245,1,84,83,78,3,заявление принято
377,4709478,,248,245,2,84,80,81,3,заявление принято
378,4274081,,248,242,1,82,88,72,6,заявление принято
379,4770819,,248,238,2,84,85,69,10,заявление принято
380,3908287,,248,238,3,82,83,73,10,заявление принято
381,4211921,,248,238,1,80,83,75,10,заявление принято
382,4368194,,248,238,3,80,80,78,10,заявление принято
383,4801716,,248,238,3,76,90,72,10,заявление принято
384,3790055,,247,247,1,84,90,73,0,заявление принято
385,4804280,,247,247,1,84,85,78,0,заявление принято
386,3938074,,247,247,2,80,78,89,0,заявление принято
387,3863821,,247,247,5,78,78,91,0,заявление принято
388,4326990,,247,247,2,76,85,86,0,заявление принято
389,4377441,,247,245,2,82,90,73,2,заявление принято
390,4125436,,247,244,3,90,85,69,3,заявление принято
391,4326075,,247,244,1,88,78,78,3,заявление принято
392,4483568,,247,244,5,86,85,73,3,заявление принято
393,4866352,,247,238,2,80,72,86,9,заявление принято
394,4099409,,247,237,2,84,78,75,10,заявление принято
395,4228606,,247,237,2,84,70,83,10,заявление принято
396,4304466,,247,237,2,84,70,83,10,заявление принято
397,4623911,,247,237,1,80,71,86,10,заявление принято
398,4033478,,247,237,1,76,80,81,10,заявление принято
399,4522003,,247,237,3,76,78,83,10,заявление принято
400,3717038,,246,246,3,90,84,72,0,заявление принято
401,4594759,,246,246,2,84,90,72,0,заявление принято
402,3981109,,246,246,6,80,80,86,0,заявление принято
403,4592701,,246,246,4,80,80,86,0,заявление принято
404,4941285,,246,246,1,74,83,89,0,заявление принято
405,4670957,,246,246,1,70,90,86,0,заявление принято
406,3712342,,246,243,4,90,84,69,3,заявление принято
407,3992417,,246,242,2,86,78,78,4,заявление принято
408,4140297,,246,240,1,82,80,78,6,заявление принято
409,3840628,,246,236,1,84,77,75,10,заявление принято
410,4559616,,246,236,5,82,79,75,10,заявление принято
411,4018143,,246,236,3,80,90,66,10,заявление принято
412,4149322,,246,236,1,80,83,73,10,заявление принято
413,3973008,,246,236,4,80,67,89,10,заявление принято
414,4033907,,246,236,6,78,88,70,10,заявление принято
415,4245569,,246,236,4,78,83,75,10,заявление принято
416,3861565,,246,236,2,78,75,83,10,заявление принято
417,4724735,,246,236,1,78,64,94,10,заявление принято
418,4102928,,246,236,1,72,83,81,10,заявление принято
419,4790567,,245,245,1,90,85,70,0,заявление принято
420,3896636,,245,245,1,82,85,78,0,заявление принято
421,4605876,,245,245,3,80,92,73,0,заявление принято
422,4604273,,245,245,3,76,80,89,0,заявление принято
423,3783462,,245,245,3,74,90,81,0,заявление принято
424,4591893,,245,242,2,80,90,72,3,заявление принято
425,4620685,,245,242,1,78,83,81,3,заявление принято
426,4224098,,245,242,2,76,85,81,3,заявление принято
427,4098525,,245,235,2,86,71,78,10,заявление принято
428,4255962,,245,235,5,84,78,73,10,заявление принято
429,4019867,,245,235,3,80,88,67,10,заявление принято
430,3865081,,245,235,4,76,78,81,10,заявление принято
431,4883583,,245,235,2,72,90,73,10,заявление принято
432,4960444,,244,244,4,82,80,82,0,заявление принято
433,3873074,,244,244,4,80,83,81,0,заявление принято
434,4838742,,244,244,1,80,78,86,0,заявление принято
435,4894928,,244,244,4,78,93,73,0,заявление принято
436,4630061,,244,244,3,78,80,86,0,заявление принято
437,4728353,,244,242,2,80,93,69,2,заявление принято
438,3898243,,244,241,1,78,80,83,3,заявление принято
439,4256525,,244,234,3,78,83,73,10,заявление принято
440,3875281,,244,234,1,78,78,78,10,заявление принято
441,4228032,,244,234,1,78,67,89,10,заявление принято
442,4390222,,244,234,3,76,83,75,10,заявление принято
443,4182758,,244,234,1,76,80,78,10,заявление принято
444,4538890,,243,243,4,86,85,72,0,заявление принято
445,4727768,,243,243,5,82,78,83,0,заявление принято
446,4894929,,243,243,4,80,88,75,0,заявление принято
447,3818775,,243,243,2,80,85,78,0,заявление принято
448,3948319,,243,243,4,80,80,83,0,заявление принято
449,3837932,,243,243,4,74,80,89,0,заявление принято
450,4644479,,243,240,2,82,75,83,3,заявление принято
451,4383975,,243,233,1,86,72,75,10,заявление принято
452,4554871,,243,233,2,80,75,78,10,заявление принято
453,4727809,,243,233,3,80,67,86,10,заявление принято
454,3857044,,243,233,3,76,74,83,10,заявление принято
455,4559520,,243,233,3,72,78,83,10,заявление принято
456,4693611,,243,233,5,70,85,78,10,заявление принято
457,4857903,,242,242,2,82,88,72,0,заявление принято
458,4394044,,242,242,4,82,85,75,0,заявление принято
459,4645187,,242,242,4,78,78,86,0,заявление принято
460,3950435,,242,242,5,74,90,78,0,заявление принято
461,4920884,,242,240,1,84,95,61,2,заявление принято
462,3839532,,242,240,3,82,83,75,2,заявление принято
463,4664729,,242,240,6,80,85,75,2,заявление принято
464,4828165,,242,239,2,78,72,89,3,заявление принято
465,4248870,,242,237,2,82,88,67,5,заявление принято
466,4175243,,242,237,1,74,88,75,5,заявление принято
467,4380663,,242,232,4,88,75,69,10,заявление принято
468,4402469,,242,232,2,84,78,70,10,заявление принято
469,4108340,,242,232,5,84,73,75,10,заявление принято
470,4430601,,242,232,2,80,88,64,10,заявление принято
471,3811163,,242,232,4,78,85,69,10,заявление принято
472,4347534,,242,232,3,76,83,73,10,заявление принято
473,4598749,,242,232,5,76,83,73,10,заявление принято
474,3932981,,242,232,3,74,88,70,10,заявление принято
475,4371918,,242,232,3,74,85,73,10,заявление принято
476,4455665,,242,232,2,74,80,78,10,заявление принято
477,3864457,,242,232,2,74,75,83,10,заявление принято
478,3839204,,241,241,3,86,83,72,0,заявление принято
479,3862109,,241,241,6,84,88,69,0,заявление принято
480,4201733,,241,241,2,82,90,69,0,заявление принято
481,4741825,,241,241,3,82,84,75,0,заявление принято
482,4075470,,241,241,6,78,85,78,0,заявление принято
483,4895945,,241,241,5,78,72,91,0,заявление принято
484,4569378,,241,241,1,76,82,83,0,заявление принято
485,3677914,,241,241,2,76,68,97,0,заявление принято
486,4973796,,241,240,5,82,77,81,1,заявление принято
487,4136807,,241,239,6,86,72,81,2,заявление принято
488,3561362,,241,238,3,82,83,73,3,заявление принято
489,4849499,,241,238,3,82,70,86,3,заявление принято
490,4429980,,241,231,5,86,85,60,10,заявление принято
491,4601076,,241,231,4,84,72,75,10,заявление принято
492,4841089,,241,231,1,80,78,73,10,заявление принято
493,4725351,,241,231,7,78,78,75,10,заявление принято
494,4247329,,241,231,2,78,64,89,10,заявление принято
495,4255374,,241,231,2,76,80,75,10,заявление принято
496,4069750,,241,231,2,76,72,83,10,заявление принято
497,3996621,,241,231,2,76,64,91,10,заявление принято
498,4790982,,241,231,3,72,78,81,10,заявление принято
499,3630527,,240,240,2,82,88,70,0,заявление принято
500,3950780,,240,240,4,82,80,78,0,заявление принято
501,4101908,,240,240,4,82,72,86,0,заявление принято
502,3897871,,240,240,3,80,90,70,0,заявление принято
503,3615131,,240,240,2,78,79,83,0,заявление принято
504,4578516,,240,240,5,74,88,78,0,заявление принято
505,3959015,,240,240,3,74,83,83,0,заявление принято
506,4857511,,240,237,2,82,80,75,3,заявление принято
507,4718158,,240,234,2,84,75,75,6,заявление принято
508,4726914,,240,233,3,78,72,83,7,заявление принято
509,4146818,,240,230,2,80,83,67,10,заявление принято
510,4712530,,240,230,1,78,85,67,10,заявление принято
511,4708892,,240,230,2,78,71,81,10,заявление принято
512,4186534,,240,230,5,74,83,73,10,заявление принято
513,4151509,,240,230,2,72,88,70,10,заявление принято
514,4162785,,239,239,5,88,78,73,0,заявление принято
515,4168066,,239,239,2,78,88,73,0,заявление принято
516,4868522,,239,239,1,74,90,75,0,заявление принято
517,4808166,,239,238,1,86,80,72,1,заявление принято
518,4079803,,239,236,3,78,83,75,3,заявление принято
519,4695109,,239,231,2,78,80,73,8,заявление принято
520,3961242,,239,229,3,82,78,69,10,заявление принято
521,4500460,,239,229,1,80,83,66,10,заявление принято
522,3938580,,239,229,4,80,77,72,10,заявление принято
523,4244311,,239,229,3,80,74,75,10,заявление принято
524,4501561,,239,229,3,78,78,73,10,заявление принято
525,4548880,,239,229,3,78,78,73,10,заявление принято
526,4262398,,239,229,3,76,75,78,10,заявление принято
527,3839753,,239,229,3,74,83,72,10,заявление принято
528,3872011,,238,238,1,88,83,67,0,заявление принято
529,4224932,,238,238,3,88,78,72,0,заявление принято
530,4642408,,238,238,4,88,75,75,0,заявление принято
531,3748271,,238,238,5,84,73,81,0,заявление принято
532,3761833,,238,238,4,82,78,78,0,заявление принято
533,4270553,,238,238,1,82,70,86,0,заявление принято
534,4170794,,238,238,3,80,85,73,0,заявление принято
535,4141836,,238,238,3,80,85,73,0,заявление принято
536,4413204,,238,238,4,78,88,72,0,заявление принято
537,3808990,,238,238,1,76,85,77,0,заявление принято
538,4656205,,238,238,2,74,83,81,0,заявление принято
539,4934931,,238,236,1,88,85,63,2,заявление принято
540,3646994,,238,236,3,78,80,78,2,заявление принято
541,3776130,,238,235,7,74,83,78,3,заявление принято
542,3834586,,238,228,4,80,78,70,10,заявление принято
543,4268308,,238,228,3,80,75,73,10,заявление принято
544,4336221,,238,228,5,80,70,78,10,заявление принято
545,4839127,,238,228,1,78,75,75,10,заявление принято
546,4019308,,238,228,1,78,67,83,10,заявление принято
547,4573076,,238,228,2,78,64,86,10,заявление принято
548,4312774,,238,228,2,76,80,72,10,заявление принято
549,4549833,,238,228,5,76,80,72,10,заявление принято
550,4238443,,238,228,2,76,80,72,10,заявление принято
551,3783475,,238,228,2,76,80,72,10,заявление принято
552,4762742,,238,228,6,72,78,78,10,заявление принято
553,3750534,,237,237,2,82,83,72,0,заявление принято
554,4726924,,237,237,3,82,80,75,0,заявление принято
555,4108273,,237,237,2,80,90,67,0,заявление принято
556,4281572,,237,237,1,78,93,66,0,заявление принято
557,4758755,,237,237,3,76,80,81,0,заявление принято
558,3723877,,237,237,1,74,88,75,0,заявление принято
559,4491876,,237,227,2,84,74,69,10,заявление принято
560,3823586,,237,227,6,80,75,72,10,заявление принято
561,3761087,,237,227,2,78,83,66,10,заявление принято
562,4449501,,237,227,1,78,68,81,10,заявление принято
563,4222451,,237,227,7,74,72,81,10,заявление принято
564,3896172,,237,227,3,72,88,67,10,заявление принято
565,4788053,,236,236,3,82,79,75,0,заявление принято
566,4228648,,236,236,2,80,75,81,0,проходит по другому приоритету
567,4228334,,236,236,5,78,75,83,0,заявление принято
568,4344999,,236,236,3,78,72,86,0,заявление принято
569,3873204,,236,236,4,76,85,75,0,заявление принято
570,4027602,,236,234,1,82,83,69,2,заявление принято
571,4889481,,236,233,3,80,83,70,3,заявление принято
572,3764208,,236,233,3,80,75,78,3,заявление принято
573,4897185,,236,233,8,76,79,78,3,заявление принято
574,3850521,,236,233,2,72,88,73,3,заявление принято
575,4661351,,236,226,5,82,80,64,10,заявление принято
576,4583724,,236,226,4,78,67,81,10,заявление принято
577,4268416,,236,226,5,72,82,72,10,заявление принято
578,4597416,,235,235,2,90,70,75,0,заявление принято
579,3745218,,235,235,5,82,59,94,0,заявление принято
580,4107226,,235,235,3,80,83,72,0,заявление принято
581,4770923,,235,235,2,80,80,75,0,заявление принято
582,4505270,,235,235,1,74,78,83,0,заявление принято
583,4157729,,235,235,3,72,80,83,0,заявление принято
584,4257834,,235,230,2,74,78,78,5,заявление принято
585,4714893,,235,229,2,80,80,69,6,заявление принято
586,3890751,,235,225,3,80,62,83,10,заявление принято
587,4879600,,235,225,2,76,85,64,10,заявление принято
588,3909734,,235,225,3,74,70,81,10,заявление принято
589,4567695,,235,225,3,70,74,81,10,заявление принято
590,4452682,,234,234,3,82,85,67,0,заявление принято
591,4136491,,234,234,4,78,78,78,0,заявление принято
592,4585974,,234,231,4,84,72,75,3,заявление принято
593,4572924,,234,231,5,76,80,75,3,заявление принято
594,4036713,,234,224,7,80,80,64,10,заявление принято
595,4344713,,234,224,4,78,80,66,10,заявление принято
596,3989936,,234,224,2,72,85,67,10,заявление принято
597,4558935,,233,233,3,92,80,61,0,заявление принято
598,4313600,,233,233,4,84,85,64,0,заявление принято
599,4942764,,233,233,4,82,70,81,0,заявление принято
600,4202875,,233,233,3,80,80,73,0,заявление принято
601,4836188,,233,233,1,80,80,73,0,заявление принято
602,4413758,,233,233,3,80,78,75,0,заявление принято
603,4817429,,233,233,2,78,80,75,0,заявление принято
604,4756416,,233,233,4,74,90,69,0,заявление принято
605,4098076,,233,231,3,88,76,67,2,заявление принято
606,3860875,,233,231,2,78,83,70,2,заявление принято
607,4034529,,233,230,1,74,90,66,3,заявление принято
608,4601724,,233,227,4,82,78,67,6,заявление принято
609,4915110,,233,223,1,80,70,73,10,заявление принято
610,4063918,,233,223,2,78,75,70,10,заявление принято
611,4031824,,233,223,3,76,78,69,10,заявление принято
612,3876388,,233,223,5,74,88,61,10,заявление принято
613,3805209,,233,223,4,74,80,69,10,заявление принято
614,4184420,,233,223,5,74,74,75,10,заявление принято
615,4485464,,233,223,6,70,75,78,10,заявление принято
616,3618194,,232,232,3,82,83,67,0,заявление принято
617,4329072,,232,232,1,82,78,72,0,заявление принято
618,4703315,,232,232,2,82,67,83,0,заявление принято
619,4331092,,232,232,1,78,85,69,0,заявление принято
620,4170435,,232,232,6,74,85,73,0,заявление принято
621,4308880,,232,232,3,74,75,83,0,заявление принято
622,4133928,,232,232,1,74,75,83,0,заявление принято
623,3755318,,232,232,5,74,75,83,0,заявление принято
624,4278914,,232,230,3,82,75,73,2,заявление принято
625,4224053,,232,230,2,72,80,78,2,заявление принято
626,3859213,,232,229,4,78,88,63,3,заявление принято
627,3826713,,232,229,8,76,86,67,3,заявление принято
628,4388366,,232,229,2,76,80,73,3,заявление принято
629,3873801,,232,229,3,76,78,75,3,заявление принято
630,4880457,,232,229,6,72,88,69,3,заявление принято
631,4015438,,232,227,2,78,83,66,5,заявление принято
632,4439469,,232,226,4,82,78,66,6,заявление принято
633,4070223,,232,226,1,76,80,70,6,заявление принято
634,4097551,,232,222,2,88,64,70,10,заявление принято
635,4495555,,232,222,3,80,70,72,10,заявление принято
636,4790574,,232,222,6,74,78,70,10,заявление принято
637,4239260,,232,222,2,74,62,86,10,заявление принято
638,4704744,,231,231,1,90,72,69,0,заявление принято
639,4724203,,231,231,1,86,72,73,0,заявление принято
640,4763801,,231,231,2,82,83,66,0,заявление принято
641,4763983,,231,231,4,80,78,73,0,заявление принято
642,4592251,,231,231,1,78,80,73,0,заявление принято
643,4808567,,231,231,5,78,70,83,0,заявление принято
644,4229283,,231,231,4,76,92,63,0,заявление принято
645,3866961,,231,231,4,76,85,70,0,заявление принято
646,4627687,,231,231,1,70,83,78,0,заявление принято
647,4310349,,231,228,4,80,73,75,3,заявление принято
648,4463634,,231,228,2,80,65,83,3,заявление принято
649,4819270,,231,228,2,70,80,78,3,заявление принято
650,4550185,,231,221,3,82,64,75,10,заявление принято
651,3849176,,231,221,2,78,73,70,10,заявление принято
652,3959504,,231,221,2,78,70,73,10,заявление принято
653,4818392,,231,221,2,74,75,72,10,заявление принято
654,4255935,,231,221,2,74,72,75,10,заявление принято
655,4776240,,231,221,4,70,70,81,10,заявление принято
656,4715623,,230,230,2,80,80,70,0,заявление принято
657,4842228,,230,230,4,80,78,72,0,заявление принято
658,3845639,,230,230,4,80,77,73,0,заявление принято
659,4424012,,230,230,2,78,83,69,0,заявление принято
660,4737539,,230,230,2,78,80,72,0,заявление принято
661,4327756,,230,230,3,74,83,73,0,заявление принято
662,3902350,,230,230,1,74,83,73,0,заявление принято
663,4537427,,230,230,4,74,75,81,0,заявление принято
664,4489329,,230,230,3,74,75,81,0,заявление принято
665,4721659,,230,230,2,72,98,60,0,заявление принято
666,3873245,,230,230,6,72,85,73,0,заявление принято
667,3788619,,230,229,4,76,67,86,1,заявление принято
668,4124619,,230,228,7,78,72,78,2,заявление принято
669,3877928,,230,227,3,72,80,75,3,заявление принято
670,4073869,,230,220,2,78,67,75,10,заявление принято
671,4340973,,230,220,4,78,51,91,10,заявление принято
672,4349473,,230,220,5,70,75,75,10,заявление принято
673,4958124,,229,229,1,84,73,72,0,заявление принято
674,4807123,,229,229,5,82,75,72,0,заявление принято
675,4032794,,229,229,5,82,75,72,0,заявление принято
676,4722668,,229,229,6,78,78,73,0,заявление принято
677,3863942,,229,229,1,76,75,78,0,заявление принято
678,4800675,,229,229,2,74,83,72,0,заявление принято
679,4758682,,229,229,6,72,88,69,0,заявление принято
680,4553734,,229,229,4,70,78,81,0,заявление принято
681,4583096,,229,226,2,80,83,63,3,заявление принято
682,4498045,,229,226,4,78,78,70,3,заявление принято
683,4550718,,229,226,3,76,72,78,3,заявление принято
684,4275659,,229,226,2,74,80,72,3,заявление принято
685,4393976,,229,225,3,78,72,75,4,заявление принято
686,4758024,,229,219,1,88,56,75,10,заявление принято
687,4751922,,229,219,1,82,65,72,10,заявление принято
688,4031133,,229,219,5,76,71,72,10,заявление принято
689,4107489,,229,219,4,72,80,67,10,заявление принято
690,4434126,,229,219,7,72,64,83,10,заявление принято
691,4033068,,228,228,3,86,72,70,0,заявление принято
692,4514399,,228,228,3,80,65,83,0,заявление принято
693,4767631,,228,228,3,78,80,70,0,заявление принято
694,4025624,,228,228,1,78,80,70,0,заявление принято
695,4498947,,228,228,4,78,80,70,0,заявление принято
696,4554061,,228,228,5,78,78,72,0,заявление принято
697,4056781,,228,228,4,76,88,64,0,заявление принято
698,4282447,,228,228,5,76,88,64,0,заявление принято
699,4417447,,228,228,3,76,80,72,0,заявление принято
700,4899102,,228,228,4,76,74,78,0,заявление принято
701,4594688,,228,228,1,70,80,78,0,заявление принято
702,3820375,,228,225,3,78,72,75,3,заявление принято
703,4098841,,228,225,1,76,83,66,3,заявление принято
704,4857011,,228,224,3,74,78,72,4,заявление принято
705,4829572,,228,220,3,80,82,58,8,заявление принято
706,3786127,,228,218,2,80,78,60,10,заявление принято
707,4571018,,228,218,5,76,70,72,10,заявление принято
708,4585332,,228,218,5,76,70,72,10,заявление принято
709,4764263,,228,218,3,70,62,86,10,заявление принято
710,4401004,,227,227,4,82,78,67,0,заявление принято
711,3874438,,227,227,4,82,75,70,0,заявление принято
712,4008603,,227,227,5,82,75,70,0,заявление принято
713,3810192,,227,227,1,80,80,67,0,заявление принято
714,4566212,,227,227,4,76,70,81,0,заявление принято
715,3594728,,227,227,2,74,80,73,0,заявление принято
716,4531542,,227,227,3,74,80,73,0,заявление принято
717,4346802,,227,227,1,74,78,75,0,заявление принято
718,4766522,,227,227,3,74,78,75,0,заявление принято
719,4319001,,227,227,1,72,72,83,0,заявление принято
720,4815642,,227,227,3,72,70,85,0,заявление принято
721,4242232,,227,226,3,74,82,70,1,заявление принято
722,4403590,,227,225,1,84,72,69,2,заявление принято
723,4404077,,227,224,1,80,72,72,3,заявление принято
724,3934961,,227,224,1,78,76,70,3,заявление принято
725,3988655,,227,217,4,78,64,75,10,заявление принято
726,3823794,,227,217,1,74,68,75,10,заявление принято
727,4654225,,227,217,1,72,72,73,10,заявление принято
728,4479468,,227,217,6,70,72,75,10,заявление принято
729,4339120,,226,226,3,84,78,64,0,заявление принято
730,4839474,,226,226,2,82,72,72,0,заявление принято
731,4442737,,226,226,5,78,75,73,0,заявление принято
732,4252154,,226,226,2,78,67,81,0,заявление принято
733,4393287,,226,226,3,76,80,70,0,заявление принято
734,3877779,,226,226,7,76,78,72,0,заявление принято
735,4650681,,226,226,1,74,82,70,0,заявление принято
736,3868799,,226,226,3,72,71,83,0,заявление принято
737,4853574,,226,226,3,70,72,84,0,заявление принято
738,4755515,,226,225,1,78,75,72,1,заявление принято
739,4229381,,226,223,2,86,67,70,3,заявление принято
740,4453615,,226,223,4,82,78,63,3,заявление принято
741,4424441,,226,216,4,76,80,60,10,заявление принято
742,4806103,,226,216,2,74,72,70,10,заявление принято
743,4004516,,225,225,2,78,80,67,0,заявление принято
744,4164503,,225,225,3,76,83,66,0,заявление принято
745,4339084,,225,225,5,74,90,61,0,заявление принято
746,3578924,,225,225,5,74,76,75,0,заявление принято
747,4142679,,225,225,6,74,70,81,0,заявление принято
748,4562485,,225,225,1,70,80,75,0,заявление принято
749,4273914,,225,225,3,64,88,73,0,заявление принято
750,4625570,,225,225,1,64,75,86,0,заявление принято
751,4022385,,225,224,6,82,79,63,1,заявление принято
752,4726768,,225,222,3,82,62,78,3,заявление принято
753,4298882,,225,222,3,80,59,83,3,заявление принято
754,4021879,,225,222,1,76,83,63,3,заявление принято
755,4493358,,225,222,4,74,70,78,3,заявление принято
756,4348759,,225,221,6,72,85,64,4,заявление принято
757,4858039,,225,215,5,84,61,70,10,заявление принято
758,4002623,,225,215,1,80,72,63,10,заявление принято
759,4783082,,225,215,4,78,59,78,10,заявление принято
760,4567683,,224,224,7,80,71,73,0,заявление принято
761,4391215,,224,224,4,78,83,63,0,заявление принято
762,4254254,,224,224,2,78,83,63,0,заявление принято
763,4637185,,224,224,3,78,82,64,0,заявление принято
764,4618456,,224,224,7,76,79,69,0,заявление принято
765,3933638,,224,224,7,76,70,78,0,заявление принято
766,4011998,,224,224,4,74,80,70,0,заявление принято
767,4605520,,224,224,3,74,67,83,0,заявление принято
768,4424433,,224,223,4,78,72,73,1,заявление принято
769,4715755,,224,221,2,82,61,78,3,заявление принято
770,4279995,,224,221,2,78,85,58,3,заявление принято
771,4033083,,224,221,7,72,80,69,3,заявление принято
772,4547938,,224,214,8,80,62,72,10,заявление принято
773,4760640,,224,214,2,74,70,70,10,заявление принято
774,4660794,,224,214,2,72,72,70,10,заявление принято
775,4007562,,223,223,8,86,68,69,0,заявление принято
776,4030309,,223,223,69,80,83,60,0,заявление принято
777,3869685,,223,223,2,80,83,60,0,заявление принято
778,4031401,,223,223,2,78,78,67,0,заявление принято
779,4336012,,223,223,2,78,75,70,0,заявление принято
780,4572399,,223,223,2,78,70,75,0,заявление принято
781,4238411,,223,223,2,78,62,83,0,заявление принято
782,4337822,,223,223,2,76,74,73,0,заявление принято
783,4263030,,223,223,4,72,90,61,0,заявление принято
784,4802803,,223,223,1,72,73,78,0,заявление принято
785,4649218,,223,223,4,72,70,81,0,заявление принято
786,4541313,,223,223,5,70,80,73,0,заявление принято
787,4910043,,223,222,1,76,80,66,1,заявление принято
788,4762704,,223,220,1,78,61,81,3,заявление принято
789,3561165,,223,220,2,76,75,69,3,заявление принято
790,4156794,,223,217,5,74,65,78,6,заявление принято
791,4350050,,223,213,3,74,70,69,10,заявление принято
792,4434317,,223,213,4,70,54,89,10,заявление принято
793,3855238,,222,222,3,80,75,67,0,заявление принято
794,4904461,,222,222,2,78,80,64,0,заявление принято
795,4920210,,222,222,8,78,78,66,0,заявление принято
796,4482944,,222,222,5,78,75,69,0,заявление принято
797,4824279,,222,222,2,78,72,72,0,заявление принято
798,4066302,,222,222,4,76,80,66,0,заявление принято
799,4402013,,222,222,1,74,70,78,0,заявление принято
800,4087736,,222,222,1,72,80,70,0,заявление принято
801,4125937,,222,222,2,72,80,70,0,заявление принято
802,4266492,,222,220,4,78,73,69,2,заявление принято
803,4117475,,222,219,2,82,70,67,3,заявление принято
804,3898286,,222,218,6,82,78,58,4,заявление принято
805,4387999,,222,218,4,74,78,66,4,заявление принято
806,4403605,,222,212,1,82,64,66,10,заявление принято
807,4066161,,222,212,2,78,65,69,10,заявление принято
808,4138708,,222,212,2,78,62,72,10,заявление принято
809,4251622,,222,212,6,76,75,61,10,заявление принято
810,3810732,,222,212,3,76,67,69,10,заявление принято
811,4583736,,222,212,4,76,67,69,10,заявление принято
812,4809470,,222,212,3,74,72,66,10,заявление принято
813,3996935,,222,212,5,72,59,81,10,заявление принято
814,4496213,,221,221,5,82,75,64,0,заявление принято
815,4572563,,221,221,2,80,78,63,0,заявление принято
816,4108404,,221,221,4,78,85,58,0,заявление принято
817,4239830,,221,221,2,76,75,70,0,заявление принято
818,4313962,,221,221,2,76,70,75,0,заявление принято
819,4396831,,221,221,4,74,83,64,0,заявление принято
820,4666790,,221,221,1,74,83,64,0,заявление принято
821,4944500,,221,221,1,74,80,67,0,заявление принято
822,4026000,,221,221,5,74,64,83,0,заявление принято
823,4816898,,221,221,3,72,78,71,0,заявление принято
824,4916107,,221,221,3,70,85,66,0,заявление принято
825,4227498,,221,218,2,74,80,64,3,заявление принято
826,3917182,,221,216,4,76,67,73,5,заявление принято
827,4602714,,221,213,1,74,72,67,8,заявление принято
828,3903324,,221,212,3,70,70,72,9,заявление принято
829,4185959,,221,211,1,80,59,72,10,заявление принято
830,4602363,,221,211,4,76,75,60,10,заявление принято
831,4787557,,221,211,3,74,59,78,10,заявление принято
832,4369310,,221,211,2,72,70,69,10,заявление принято
833,4255097,,220,220,2,80,73,67,0,заявление принято
834,4258004,,220,220,5,74,77,69,0,заявление принято
835,4723026,,220,220,4,72,78,70,0,заявление принято
836,4670347,,220,219,5,82,67,70,1,заявление принято
837,4841846,,220,217,3,78,75,64,3,заявление принято
838,3779214,,220,212,3,76,80,56,8,заявление принято
839,4860126,,220,210,5,76,62,72,10,заявление принято
840,4576640,,219,219,1,80,79,60,0,заявление принято
841,4675012,,219,219,6,76,83,60,0,заявление принято
842,4143429,,219,219,3,76,62,81,0,заявление принято
843,4014953,,219,219,5,74,78,67,0,заявление принято
844,4382434,,219,219,1,74,75,70,0,заявление принято
845,3835742,,219,219,5,72,80,67,0,заявление принято
846,4566546,,219,217,4,82,83,52,2,заявление принято
847,4027997,,219,217,1,74,76,67,2,заявление принято
848,4658264,,219,216,6,78,68,70,3,заявление принято
849,4588863,,219,213,7,72,78,63,6,заявление принято
850,4797907,,219,209,1,74,65,70,10,заявление принято
851,4170146,,219,209,1,72,70,67,10,заявление принято
852,4926820,,218,218,6,82,70,66,0,заявление принято
853,4405337,,218,218,3,82,64,72,0,заявление принято
854,4097289,,218,218,4,78,74,66,0,заявление принято
855,3958450,,218,218,3,78,70,70,0,заявление принято
856,3789982,,218,218,1,78,67,73,0,заявление принято
857,4717139,,218,218,1,76,72,70,0,заявление принято
858,4789304,,218,218,6,74,78,66,0,заявление принято
859,4693884,,218,218,2,74,75,69,0,заявление принято
860,4546696,,218,218,3,70,78,70,0,заявление принято
861,4298760,,218,218,6,70,78,70,0,заявление принято
862,3745404,,218,218,2,70,62,86,0,заявление принято
863,4598668,,218,217,8,80,62,75,1,заявление принято
864,4492868,,218,216,7,80,67,69,2,заявление принято
865,4726933,,218,215,8,82,70,63,3,заявление принято
866,4738806,,218,215,5,78,67,70,3,заявление принято
867,4032833,,218,215,1,74,78,63,3,заявление принято
868,4243223,,218,215,1,74,72,69,3,заявление принято
869,4230628,,218,214,4,82,80,52,4,заявление принято
870,4871371,,218,208,1,90,48,70,10,заявление принято
871,4147310,,218,208,2,80,62,66,10,заявление принято
872,3762723,,218,208,2,74,70,64,10,заявление принято
873,4858852,,218,208,6,72,67,69,10,заявление принято
874,4131567,,217,217,8,82,75,60,0,заявление принято
875,4680894,,217,217,2,80,70,67,0,заявление принято
876,4501896,,217,217,2,80,62,75,0,заявление принято
877,4671486,,217,217,2,78,70,69,0,заявление принято
878,3655256,,217,217,2,76,80,61,0,заявление принято
879,3970185,,217,217,2,76,80,61,0,заявление принято
880,4431079,,217,217,2,74,83,60,0,заявление принято
881,4571013,,217,217,1,74,80,63,0,заявление принято
882,4841762,,217,217,2,74,70,73,0,заявление принято
883,4205485,,217,217,2,72,75,70,0,заявление принято
884,3988507,,217,215,2,80,84,51,2,заявление принято
885,4055499,,217,215,6,74,68,73,2,заявление принято
886,3931724,,217,214,1,80,56,78,3,заявление принято
887,3712432,,217,214,2,76,75,63,3,заявление принято
888,4246054,,217,213,4,80,70,63,4,заявление принято
889,3845648,,217,207,3,76,70,61,10,заявление принято
890,4194540,,217,207,6,76,56,75,10,заявление принято
891,4404148,,217,207,1,70,67,70,10,заявление принято
892,4098179,,217,207,3,70,54,83,10,заявление принято
893,4839296,,216,216,3,84,65,67,0,заявление принято
894,4565771,,216,216,3,82,85,49,0,заявление принято
895,4565035,,216,216,2,74,70,72,0,заявление принято
896,3956689,,216,216,5,72,78,66,0,заявление принято
897,4700525,,216,216,7,70,80,66,0,заявление принято
898,3974874,,216,213,2,74,73,66,3,заявление принято
899,4031412,,216,211,1,72,67,72,5,заявление принято
900,4758388,,216,208,1,76,80,52,8,заявление принято
901,4714717,,216,206,3,70,75,61,10,заявление принято
902,4569040,,216,206,2,70,67,69,10,заявление принято
903,4401943,,215,215,4,78,70,67,0,заявление принято
904,4069402,,215,215,1,78,64,73,0,заявление принято
905,4151953,,215,215,5,76,75,64,0,заявление принято
906,4487957,,215,215,4,74,80,61,0,заявление принято
907,4308124,,215,215,6,74,75,66,0,заявление принято
908,4139184,,215,215,3,74,72,69,0,заявление принято
909,4841886,,215,215,5,74,72,69,0,заявление принято
910,4442815,,215,215,3,70,67,78,0,заявление принято
911,4230838,,215,215,1,70,64,81,0,заявление принято
912,4386693,,215,214,2,78,72,64,1,заявление принято
913,4375286,,215,213,5,76,68,69,2,заявление принято
914,3859532,,215,213,4,74,64,75,2,заявление принято
915,3870637,,215,213,4,70,74,69,2,заявление принято
916,4488071,,215,211,1,82,48,81,4,заявление принято
917,4790522,,215,205,1,74,56,75,10,заявление принято
918,3913795,,214,214,6,78,70,66,0,заявление принято
919,3980873,,214,214,5,78,67,69,0,заявление принято
920,3856489,,214,214,3,78,64,72,0,заявление принято
921,3837665,,214,214,2,76,72,66,0,заявление принято
922,4660282,,214,214,3,76,71,67,0,заявление принято
923,4147937,,214,214,7,72,85,57,0,заявление принято
924,4186731,,214,214,4,72,64,78,0,заявление принято
925,4014999,,214,214,2,70,80,64,0,заявление принято
926,4574212,,214,214,4,70,80,64,0,заявление принято
927,4497636,,214,214,5,70,78,66,0,заявление принято
928,4747526,,214,214,1,64,80,70,0,заявление принято
929,4336599,,214,211,7,72,67,72,3,заявление принято
930,4572544,,214,210,3,76,64,70,4,заявление принято
931,4001736,,214,204,1,78,56,70,10,заявление принято
932,3931272,,214,204,2,74,67,63,10,заявление принято
933,4092307,,213,213,2,80,75,58,0,заявление принято
934,4615887,,213,213,3,78,75,60,0,заявление принято
935,4048358,,213,213,1,76,67,70,0,заявление принято
936,4530996,,213,213,4,74,70,69,0,заявление принято
937,4790055,,213,213,3,74,64,75,0,заявление принято
938,3717869,,213,213,6,74,56,83,0,заявление принято
939,4222843,,213,213,1,72,75,66,0,заявление принято
940,3783723,,213,213,1,72,72,69,0,заявление принято
941,3651019,,213,213,3,72,72,69,0,заявление принято
942,4268598,,213,211,4,74,83,54,2,заявление принято
943,4144716,,213,208,2,70,72,66,5,заявление принято
944,4440952,,213,203,3,76,67,60,10,заявление принято
945,4203469,,213,203,4,72,59,72,10,заявление принято
946,4346514,,212,212,4,76,88,48,0,заявление принято
947,4664302,,212,212,1,76,72,64,0,заявление принято
948,3868186,,212,212,4,76,72,64,0,заявление принято
949,4799119,,212,212,2,76,58,78,0,заявление принято
950,4078899,,212,212,5,70,85,57,0,заявление принято
951,4020621,,212,212,2,70,67,75,0,заявление принято
952,4622125,,212,212,7,64,67,81,0,заявление принято
953,4870140,,212,212,7,62,70,80,0,заявление принято
954,4809121,,212,211,4,72,67,72,1,заявление принято
955,4457748,,212,209,3,72,70,67,3,заявление принято
956,4855594,,212,208,5,74,64,70,4,заявление принято
957,3642191,,212,208,2,64,83,61,4,заявление принято
958,3724659,,212,202,1,72,67,63,10,заявление принято
959,4467364,,212,202,1,72,64,66,10,заявление принято
960,4105051,,212,202,1,70,62,70,10,заявление принято
961,4701201,,212,202,4,58,72,72,10,заявление принято
962,4835431,,211,211,6,95,67,49,0,заявление принято
963,4565616,,211,211,2,74,70,67,0,заявление принято
964,4251616,,211,211,1,74,62,75,0,заявление принято
965,4701593,,211,211,2,72,75,64,0,заявление принято
966,4299150,,211,211,4,72,72,67,0,заявление принято
967,4328630,,211,211,2,72,67,72,0,заявление принято
968,4430192,,211,211,2,72,64,75,0,заявление принято
969,4200429,,211,211,2,72,58,81,0,заявление принято
970,4443389,,211,211,2,70,78,63,0,заявление принято
971,3570851,,211,211,1,64,75,72,0,заявление принято
972,4684913,,211,211,2,64,72,75,0,заявление принято
973,3944343,,211,208,6,78,64,66,3,заявление принято
974,3930514,,211,208,2,74,70,64,3,заявление принято
975,4603685,,211,207,2,76,64,67,4,заявление принято
976,4840323,,211,201,4,72,54,75,10,заявление принято
977,4387085,,211,201,4,70,59,72,10,заявление принято
978,3784854,,210,210,5,78,80,52,0,заявление принято
979,3704159,,210,210,4,74,78,58,0,заявление принято
980,4814559,,210,210,4,74,75,61,0,заявление принято
981,4500872,,210,210,6,74,72,64,0,заявление принято
982,3743536,,210,210,2,74,70,66,0,заявление принято
983,3832640,,210,210,5,72,78,60,0,заявление принято
984,4714512,,210,210,1,70,65,75,0,заявление принято
985,4561123,,210,207,5,64,62,81,3,заявление принято
986,4230150,,209,209,3,76,70,63,0,заявление принято
987,3733406,,209,209,4,76,67,66,0,заявление принято
988,4164519,,209,209,3,74,78,57,0,заявление принято
989,4500859,,209,209,2,74,75,60,0,заявление принято
990,4108437,,209,209,4,74,62,73,0,заявление принято
991,4208076,,209,209,1,72,64,73,0,заявление принято
992,4322686,,209,209,2,70,72,67,0,заявление принято
993,3907187,,209,209,3,70,67,72,0,заявление принято
994,3788492,,209,209,3,64,64,81,0,заявление принято
995,4520753,,209,207,2,74,67,66,2,заявление принято
996,4309839,,209,207,2,74,61,72,2,заявление принято
997,4166741,,209,205,4,76,56,73,4,заявление принято
998,3730630,,209,199,4,72,58,69,10,заявление принято
999,4361812,,208,208,3,76,62,70,0,заявление принято
1000,4728177,,208,208,2,74,76,58,0,заявление принято
1001,3696018,,208,208,1,72,70,66,0,заявление принято
1002,3716174,,208,208,8,72,70,66,0,заявление принято
1003,4565571,,208,208,1,72,67,69,0,заявление принято
1004,4870516,,208,208,4,70,75,63,0,заявление принято
1005,4217788,,208,205,2,72,64,69,3,заявление принято
1006,4801223,,208,198,1,74,51,73,10,заявление принято
1007,4427374,,208,198,2,72,59,67,10,заявление принято
1008,3957850,,208,198,4,72,59,67,10,заявление принято
1009,4312990,,208,198,3,64,64,70,10,заявление принято
1010,4162691,,207,207,4,80,67,60,0,заявление принято
1011,4600988,,207,207,3,74,67,66,0,заявление принято
1012,4565704,,207,207,1,74,67,66,0,заявление принято
1013,4921614,,207,207,3,72,72,63,0,заявление принято
1014,4020550,,207,207,2,72,54,81,0,заявление принято
1015,4875161,,207,207,4,70,74,63,0,заявление принято
1016,4210667,,207,207,6,70,54,83,0,заявление принято
1017,4231365,,207,207,4,70,48,89,0,заявление принято
1018,4469203,,207,207,2,64,70,73,0,заявление принято
1019,4283795,,207,207,3,58,80,69,0,заявление принято
1020,4595026,,207,207,1,58,80,69,0,заявление принято
1021,3953788,,207,205,5,74,62,69,2,заявление принято
1022,4770240,,207,204,3,76,64,64,3,заявление принято
1023,4003391,,207,204,5,74,70,60,3,заявление принято
1024,3784565,,207,204,4,72,59,73,3,заявление принято
1025,3900559,,207,204,3,70,48,86,3,заявление принято
1026,3712088,,207,197,3,72,62,63,10,заявление принято
1027,4276768,,207,197,11,72,56,69,10,заявление принято
1028,4260978,,206,206,3,80,59,67,0,заявление принято
1029,4273591,,206,206,1,76,67,63,0,заявление принято
1030,3837939,,206,206,4,74,72,60,0,заявление принято
1031,4807543,,206,206,3,70,64,72,0,заявление принято
1032,4325182,,206,205,3,76,62,67,1,заявление принято
1033,4877442,,206,204,2,74,64,66,2,заявление принято
1034,4179127,,206,203,3,72,62,69,3,заявление принято
1035,4797713,,206,196,2,76,56,64,10,заявление принято
1036,4686692,,206,196,2,70,62,64,10,заявление принято
1037,3953110,,205,205,3,80,62,63,0,заявление принято
1038,4271267,,205,205,5,78,58,69,0,заявление принято
1039,4403375,,205,205,8,76,65,64,0,заявление принято
1040,4161576,,205,205,3,76,59,70,0,заявление принято
1041,4026280,,205,205,3,74,56,75,0,заявление принято
1042,4255842,,205,205,3,70,72,63,0,заявление принято
1043,4574249,,205,205,2,70,62,73,0,заявление принято
1044,4380727,,205,202,2,72,67,63,3,заявление принято
1045,4212975,,205,199,3,74,70,55,6,заявление принято
1046,4748740,,205,195,6,70,59,66,10,заявление принято
1047,3837780,,204,204,1,76,70,58,0,заявление принято
1048,4673196,,204,204,2,74,70,60,0,заявление принято
1049,4658510,,204,204,3,72,62,70,0,заявление принято
1050,3806542,,204,204,2,70,70,64,0,заявление принято
1051,4160319,,204,204,6,70,62,72,0,заявление принято
1052,4553171,,204,203,3,64,78,61,1,заявление принято
1053,4281758,,204,201,2,76,65,60,3,заявление принято
1054,4332813,,204,194,2,70,51,73,10,заявление принято
1055,4941426,,203,203,2,76,64,63,0,заявление принято
1056,4329965,,203,203,4,74,74,55,0,заявление принято
1057,4856046,,203,203,3,72,64,67,0,заявление принято
1058,3711716,,203,203,1,72,62,69,0,заявление принято
1059,4530045,,203,203,5,72,62,69,0,заявление принято
1060,4718953,,203,203,2,70,85,48,0,заявление принято
1061,3716556,,203,203,2,70,75,58,0,заявление принято
1062,4431532,,203,203,3,64,67,72,0,заявление принято
1063,4573152,,203,201,6,58,80,63,2,заявление принято
1064,4366572,,203,200,1,78,70,52,3,заявление принято
1065,4419158,,203,200,3,72,61,67,3,заявление принято
1066,4887091,,203,197,4,72,58,67,6,заявление принято
1067,4802662,,203,193,1,70,48,75,10,заявление принято
1068,3844675,,202,202,4,76,56,70,0,заявление принято
1069,4027703,,202,202,2,74,67,61,0,заявление принято
1070,4598903,,202,202,3,74,67,61,0,заявление принято
1071,4698087,,202,202,4,74,62,66,0,заявление принято
1072,4194958,,202,202,2,74,59,69,0,заявление принято
1073,4010980,,202,202,1,72,58,72,0,заявление принято
1074,3762232,,202,202,1,70,78,54,0,заявление принято
1075,4670074,,202,202,1,58,80,64,0,заявление принято
1076,4809468,,202,202,3,58,78,66,0,заявление принято
1077,4600019,,202,202,7,58,72,72,0,заявление принято
1078,3962245,,202,201,3,72,62,67,1,заявление принято
1079,4655899,,202,200,5,72,67,61,2,заявление принято
1080,4099727,,202,200,3,64,64,72,2,заявление принято
1081,4452696,,202,199,1,72,64,63,3,заявление принято
1082,4158268,,202,198,1,76,56,66,4,заявление принято
1083,4065567,,202,192,1,58,67,67,10,заявление принято
1084,3763930,,201,201,8,78,59,64,0,заявление принято
1085,4841749,,201,201,2,76,67,58,0,заявление принято
1086,4542402,,201,201,6,76,64,61,0,заявление принято
1087,4869999,,201,201,1,76,64,61,0,заявление принято
1088,4339020,,201,201,3,74,64,63,0,заявление принято
1089,4699834,,201,201,1,72,72,57,0,проходит по другому приоритету
1090,4566591,,201,201,1,70,70,61,0,заявление принято
1091,4345728,,201,201,3,70,64,67,0,заявление принято
1092,4226798,,201,201,1,70,64,67,0,заявление принято
1093,4860016,,201,201,3,66,48,87,0,заявление принято
1094,4236972,,201,200,3,74,56,70,1,заявление принято
1095,3809746,,201,198,2,70,64,64,3,заявление принято
1096,4963719,,201,195,6,74,70,51,6,заявление принято
1097,3956632,,201,194,4,64,70,60,7,заявление принято
1098,4895624,,201,191,6,76,46,69,10,заявление принято
1099,4104556,,201,191,2,74,56,61,10,заявление принято
1100,3854610,,201,191,1,70,51,70,10,заявление принято
1101,4784013,,200,200,1,78,70,52,0,заявление принято
1102,4068135,,200,200,7,78,62,60,0,заявление принято
1103,4424434,,200,200,2,76,46,78,0,заявление принято
1104,4594996,,200,200,2,74,59,67,0,заявление принято
1105,4004072,,200,200,3,72,62,66,0,заявление принято
1106,4003514,,200,200,2,72,59,69,0,заявление принято
1107,3727320,,200,200,2,70,64,66,0,заявление принято
1108,4527275,,200,200,1,64,67,69,0,заявление принято
1109,4807181,,200,199,8,72,64,63,1,заявление принято
1110,4681941,,200,197,3,64,67,66,3,заявление принято
1111,4584915,,200,190,7,70,51,69,10,заявление принято
1112,4723150,,199,199,3,80,59,60,0,заявление принято
1113,3877806,,199,199,2,76,56,67,0,заявление принято
1114,4190797,,199,199,4,76,54,69,0,заявление принято
1115,4069643,,199,199,1,72,70,57,0,заявление принято
1116,4280799,,199,199,5,72,67,60,0,заявление принято
1117,4808641,,199,199,4,72,67,60,0,заявление принято
1118,4714045,,199,199,1,72,64,63,0,заявление принято
1119,4762666,,199,199,6,72,62,65,0,заявление принято
1120,4156025,,199,199,2,70,72,57,0,заявление принято
1121,4722404,,199,199,1,64,80,55,0,заявление принято
1122,3677037,,199,199,5,64,75,60,0,заявление принято
1123,4546207,,199,189,2,64,62,63,10,заявление принято
1124,4554496,,198,198,2,78,62,58,0,заявление принято
1125,4337324,,198,198,3,78,62,58,0,заявление принято
1126,4580937,,198,198,4,78,62,58,0,заявление принято
1127,4688065,,198,198,2,74,61,63,0,заявление принято
1128,4196762,,198,198,2,74,58,66,0,заявление принято
1129,4614988,,198,198,3,70,67,61,0,заявление принято
1130,4771752,,198,198,1,70,64,64,0,заявление принято
1131,4857358,,198,198,2,70,56,72,0,заявление принято
1132,4271907,,198,198,3,64,70,64,0,заявление принято
1133,4553585,,198,198,4,64,62,72,0,заявление принято
1134,4897754,,198,195,3,74,54,67,3,заявление принято
1135,4672085,,198,195,5,70,62,63,3,заявление принято
1136,4373705,,197,197,3,70,54,73,0,заявление принято
1137,4373767,,197,197,3,64,73,60,0,заявление принято
1138,4143401,,197,197,1,64,70,63,0,заявление принято
1139,4758122,,197,197,1,64,67,66,0,заявление принято
1140,4309876,,197,197,1,64,64,69,0,заявление принято
1141,4531267,,197,194,4,70,64,60,3,заявление принято
1142,4718222,,197,194,4,64,73,57,3,заявление принято
1143,4447048,,197,189,5,72,62,55,8,заявление принято
1144,4798301,,196,196,1,82,62,52,0,заявление принято
1145,4277461,,196,196,1,78,51,67,0,заявление принято
1146,4879978,,196,196,3,76,62,58,0,заявление принято
1147,4108559,,196,196,4,74,67,55,0,заявление принято
1148,4479701,,196,196,5,72,72,52,0,заявление принято
1149,4000058,,195,195,2,76,59,60,0,заявление принято
1150,4554483,,195,195,1,74,70,51,0,заявление принято
1151,4279703,,195,195,1,72,75,48,0,заявление принято
1152,4403151,,195,195,3,72,65,58,0,заявление принято
1153,4647010,,195,195,2,64,70,61,0,заявление принято
1154,4069119,,195,195,2,64,67,64,0,заявление принято
1155,4229237,,195,195,3,64,64,67,0,заявление принято
1156,3839443,,195,195,1,64,62,69,0,заявление принято
1157,4854287,,195,192,4,70,70,52,3,заявление принято
1158,4697002,,195,192,3,70,59,63,3,заявление принято
1159,3917059,,195,192,3,64,67,61,3,заявление принято
1160,4546204,,195,190,4,82,51,57,5,заявление принято
1161,3784966,,195,185,2,72,46,67,10,заявление принято
1162,4397515,,194,194,2,72,64,58,0,заявление принято
1163,4833056,,194,194,2,68,46,80,0,заявление принято
1164,4102747,,194,194,6,64,72,58,0,заявление принято
1165,4868314,,194,194,4,58,78,58,0,заявление принято
1166,4701912,,194,192,5,58,56,78,2,заявление принято
1167,3911397,,194,192,3,52,54,86,2,заявление принято
1168,4055608,,194,191,7,72,56,63,3,заявление принято
1169,3827274,,194,191,2,72,46,73,3,заявление принято
1170,4576300,,193,193,2,82,54,57,0,заявление принято
1171,4754700,,193,193,3,74,64,55,0,заявление принято
1172,4346853,,193,193,2,74,62,57,0,заявление принято
1173,4742835,,193,193,6,72,64,57,0,заявление принято
1174,4818594,,193,193,2,70,62,61,0,заявление принято
1175,4847170,,193,193,6,64,59,70,0,заявление принято
1176,4571397,,193,193,5,64,46,83,0,заявление принято
1177,4570146,,193,190,3,72,64,54,3,заявление принято
1178,4483781,,193,189,3,64,59,66,4,заявление принято
1179,4457080,,192,192,3,78,51,63,0,заявление принято
1180,4613796,,192,192,4,74,58,60,0,заявление принято
1181,4289167,,192,192,3,74,58,60,0,заявление принято
1182,4278838,,192,192,1,74,54,64,0,заявление принято
1183,4278292,,192,192,4,74,51,67,0,заявление принято
1184,4816498,,192,192,5,70,62,60,0,заявление принято
1185,3839264,,192,192,2,64,62,66,0,заявление принято
1186,3755015,,192,192,3,52,75,65,0,заявление принято
1187,4197535,,192,192,4,52,70,70,0,заявление принято
1188,4165128,,192,189,2,72,56,61,3,заявление принято
1189,4574371,,191,191,5,78,56,57,0,заявление принято
1190,3950516,,191,191,2,76,67,48,0,заявление принято
1191,4855623,,191,191,2,76,48,67,0,заявление принято
1192,4328651,,191,191,3,74,59,58,0,заявление принято
1193,4894208,,191,191,3,72,56,63,0,заявление принято
1194,4809352,,191,191,3,70,70,51,0,заявление принято
1195,4584151,,191,191,5,70,64,57,0,заявление принято
1196,4619045,,191,191,2,70,48,73,0,заявление принято
1197,4279794,,191,191,1,52,67,72,0,заявление принято
1198,4240494,,190,190,2,82,48,60,0,заявление принято
1199,4579145,,190,190,2,76,59,55,0,заявление принято
1200,4941309,,190,190,4,74,46,70,0,заявление принято
1201,3646647,,190,190,1,70,62,58,0,заявление принято
1202,4618922,,190,190,3,64,75,51,0,заявление принято
1203,4807503,,190,190,4,58,59,73,0,заявление принято
1204,4448734,,189,189,4,70,59,60,0,заявление принято
1205,3712973,,188,188,4,78,62,48,0,заявление принято
1206,4712009,,188,188,6,74,59,55,0,заявление принято
1207,4443290,,188,188,4,74,59,55,0,заявление принято
1208,4230415,,188,188,4,70,54,64,0,заявление принято
1209,3851780,,188,188,5,64,61,63,0,заявление принято
1210,4655532,,188,188,2,64,54,70,0,заявление принято
1211,4725336,,188,178,2,64,53,61,10,заявление принято
1212,4720082,,188,178,3,40,78,60,10,заявление принято
1213,4002191,,187,187,4,76,62,49,0,заявление принято
1214,3784484,,187,187,1,72,72,43,0,заявление принято
1215,3693869,,187,187,2,72,54,61,0,заявление принято
1216,4784644,,187,187,4,70,56,61,0,заявление принято
1217,4618939,,187,184,3,70,62,52,3,заявление принято
1218,4544981,,186,186,3,74,46,66,0,заявление принято
1219,4764845,,186,186,6,70,59,57,0,заявление принято
1220,3950333,,186,186,2,64,70,52,0,заявление принято
1221,4016579,,186,186,3,64,67,55,0,заявление принято
1222,3868147,,186,186,3,64,64,58,0,заявление принято
1223,4857192,,186,183,1,58,67,58,3,заявление принято
1224,4402802,,186,180,3,72,59,49,6,заявление принято
1225,4344953,,186,176,4,64,51,61,10,заявление принято
1226,4851916,,185,185,5,76,46,63,0,заявление принято
1227,4047777,,185,185,1,72,56,57,0,заявление принято
1228,3978545,,185,185,6,64,51,70,0,заявление принято
1229,4473934,,185,185,1,58,70,57,0,заявление принято
1230,3873326,,185,182,2,70,51,61,3,заявление принято
1231,4158297,,184,184,4,74,62,48,0,заявление принято
1232,3909884,,184,184,5,72,54,58,0,заявление принято
1233,4662489,,184,184,3,70,62,52,0,заявление принято
1234,4585031,,184,184,3,70,48,66,0,заявление принято
1235,3909887,,184,184,5,64,62,58,0,заявление принято
1236,4170728,,184,184,5,58,51,75,0,заявление принято
1237,3731597,,184,174,1,58,59,57,10,заявление принято
1238,4001623,,183,183,1,64,67,52,0,заявление принято
1239,4229739,,183,183,6,64,59,60,0,заявление принято
1240,4273959,,183,183,1,58,70,55,0,заявление принято
1241,4839742,,183,181,5,76,51,54,2,заявление принято
1242,3988097,,182,182,2,72,56,54,0,заявление принято
1243,4566543,,182,182,1,64,70,48,0,заявление принято
1244,4329894,,182,182,1,58,60,64,0,заявление принято
1245,4630675,,182,179,6,58,75,46,3,заявление принято
1246,4562595,,181,181,4,74,64,43,0,заявление принято
1247,4028658,,181,181,3,72,54,55,0,заявление принято
1248,4572866,,181,181,2,70,51,60,0,заявление принято
1249,4896417,,181,181,2,70,48,63,0,заявление принято
1250,4051161,,181,181,2,64,62,55,0,заявление принято
1251,4183916,,181,181,3,64,51,66,0,заявление принято
1252,3941749,,181,181,6,58,62,61,0,заявление принято
1253,4575873,,181,178,1,70,56,52,3,заявление принято
1254,4594148,,181,178,8,64,62,52,3,заявление принято
1255,3846558,,180,180,4,74,46,60,0,заявление принято
1256,4847239,,180,180,2,64,59,57,0,заявление принято
1257,3989333,,180,180,6,58,62,60,0,заявление принято
1258,4321017,,180,180,1,52,58,70,0,заявление принято
1259,4867414,,180,170,3,52,46,72,10,заявление принято
1260,4629120,,179,179,2,72,46,61,0,заявление принято
1261,4344779,,179,179,1,70,64,45,0,заявление принято
1262,4585747,,179,179,5,64,64,51,0,заявление принято
1263,4542615,,179,179,3,52,70,57,0,заявление принято
1264,3926219,,179,179,3,52,54,73,0,заявление принято
1265,4525667,,179,176,3,72,46,58,3,заявление принято
1266,4159947,,178,178,2,74,56,48,0,заявление принято
1267,4569356,,178,178,6,72,51,55,0,заявление принято
1268,3996004,,178,178,4,72,43,63,0,заявление принято
1269,3712252,,178,178,3,64,59,55,0,заявление принято
1270,4195309,,178,178,1,58,59,61,0,заявление принято
1271,4840933,,178,178,3,52,62,64,0,заявление принято
1272,4564984,,178,178,2,52,56,70,0,заявление принято
1273,3847095,,177,177,7,70,58,49,0,заявление принято
1274,4604947,,177,177,4,58,67,52,0,заявление принято
1275,3951979,,177,177,2,46,70,61,0,заявление принято
1276,4633710,,177,174,3,58,62,54,3,заявление принято
1277,4388342,,176,176,6,72,46,58,0,заявление принято
1278,4741406,,176,176,5,70,46,60,0,заявление принято
1279,4808842,,176,176,2,64,51,61,0,заявление принято
1280,3966874,,176,176,2,64,48,64,0,заявление принято
1281,3791493,,176,176,3,64,48,64,0,заявление принято
1282,3625659,,176,176,2,52,58,66,0,заявление принято
1283,4712419,,175,175,2,72,54,49,0,заявление принято
1284,4630791,,175,175,1,64,48,63,0,заявление принято
1285,4424436,,175,175,7,58,48,69,0,заявление принято
1286,3952029,,175,175,1,52,56,67,0,заявление принято
1287,3876601,,175,175,7,52,51,72,0,заявление принято
1288,3912619,,175,175,3,46,53,76,0,заявление принято
1289,4503750,,175,172,3,58,59,55,3,заявление принято
1290,4671370,,174,174,5,70,56,48,0,заявление принято
1291,4000472,,174,174,2,64,67,43,0,заявление принято
1292,4559860,,173,173,3,70,51,52,0,заявление принято
1293,4576247,,173,173,1,64,51,58,0,заявление принято
1294,3841641,,173,173,3,64,48,61,0,заявление принято
1295,4579512,,173,173,3,64,46,63,0,заявление принято
1296,4225601,,173,173,7,52,56,65,0,заявление принято
1297,4604891,,173,173,6,52,54,67,0,заявление принято
1298,3920703,,173,170,3,58,49,63,3,заявление принято
1299,4978853,,172,172,3,58,48,66,0,заявление принято
1300,4397901,,172,172,1,52,54,66,0,заявление принято
1301,4600740,,172,169,4,46,54,69,3,заявление принято
1302,4604890,,171,171,5,74,48,49,0,заявление принято
1303,4965109,,171,171,1,52,64,55,0,заявление принято
1304,4219559,,171,171,2,46,64,61,0,заявление принято
1305,4956575,,170,170,4,64,48,58,0,заявление принято
1306,4220171,,170,170,4,64,46,60,0,заявление принято
1307,3876148,,170,170,2,52,67,51,0,заявление принято
1308,3821916,,169,169,6,64,59,46,0,заявление принято
1309,4630396,,169,169,7,64,51,54,0,заявление принято
1310,4153494,,169,169,2,58,59,52,0,заявление принято
1311,4488462,,169,169,1,58,56,55,0,заявление принято
1312,3823596,,169,169,4,58,54,57,0,заявление принято
1313,4756959,,169,169,4,52,51,66,0,заявление принято
1314,4287263,,168,168,1,72,48,48,0,заявление принято
1315,4578919,,168,168,5,64,62,42,0,заявление принято
1316,4421041,,168,168,1,46,67,55,0,заявление принято
1317,4938065,,167,167,3,58,48,61,0,заявление принято
1318,4587148,,166,166,1,58,48,60,0,заявление принято
1319,3900478,,166,166,4,52,62,52,0,заявление принято
1320,4645977,,166,166,6,52,54,60,0,заявление принято
1321,4685798,,166,163,1,58,48,57,3,заявление принято
1322,4510317,,165,162,3,58,46,58,3,заявление принято
1323,3839533,,164,164,1,76,46,42,0,заявление принято
1324,4127158,,164,164,4,64,51,49,0,заявление принято
1325,4451350,,164,161,7,64,48,49,3,заявление принято
1326,4601211,,163,163,4,58,51,54,0,заявление принято
1327,4667603,,163,163,4,58,51,54,0,заявление принято
1328,4806612,,162,162,2,52,46,64,0,заявление принято
1329,4771658,,162,159,2,58,46,55,3,заявление принято
1330,4743652,,161,161,1,64,48,49,0,заявление принято
1331,3570101,,160,160,3,46,51,63,0,заявление принято
1332,4578140,,160,160,1,40,65,55,0,заявление принято
1333,4699678,,160,160,2,40,59,61,0,заявление принято
1334,4809481,,160,160,3,40,59,61,0,заявление принято
1335,4578021,,160,155,2,52,48,55,5,заявление принято
1336,4248733,,159,159,3,58,49,52,0,заявление принято
1337,4386576,,159,159,3,52,46,61,0,заявление принято
1338,4015619,,159,159,4,46,56,57,0,заявление принято
1339,3924160,,159,158,3,46,46,66,1,заявление принято
1340,4113721,,158,158,6,64,51,43,0,заявление принято
1341,4784706,,158,158,5,58,54,46,0,заявление принято
1342,4327049,,158,158,1,58,54,46,0,заявление принято
1343,3621631,,157,157,2,46,54,57,0,заявление принято
1344,4942756,,157,154,3,58,51,45,3,заявление принято
1345,3999176,,156,156,1,58,46,52,0,заявление принято
1346,4893286,,156,156,3,40,59,57,0,заявление принято
1347,3961235,,155,155,3,58,51,46,0,заявление принято
1348,4159336,,155,155,4,52,48,55,0,заявление принято
1349,4038527,,155,155,2,52,46,57,0,заявление принято
1350,4764742,,155,155,2,52,46,57,0,заявление принято
1351,3697718,,154,154,5,52,48,54,0,заявление принято
1352,4663762,,154,152,2,46,51,55,2,заявление принято
1353,3822771,,154,151,4,40,51,60,3,заявление принято
1354,3871139,,153,153,4,46,53,54,0,заявление принято
1355,4834840,,153,151,4,46,48,57,2,заявление принято
1356,4221951,,152,152,3,58,48,46,0,заявление принято
1357,3855125,,152,152,2,58,46,48,0,заявление принято
1358,3687223,,152,152,2,52,51,49,0,заявление принято
1359,4036439,,152,152,6,46,54,52,0,заявление принято
1360,3874527,,150,150,2,52,46,52,0,заявление принято
1361,4605012,,149,149,7,58,48,43,0,заявление принято
1362,4825712,,149,149,2,52,48,49,0,заявление принято
1363,4856941,,148,148,1,52,54,42,0,заявление принято
1364,4714588,,148,148,4,40,56,52,0,заявление принято
1365,4712663,,148,146,2,52,46,48,2,заявление принято
1366,4669080,,144,144,2,46,44,54,0,заявление принято
1367,4657615,,140,140,4,52,46,42,0,заявление принято
1368,3724340,,137,131,2,40,46,45,6,заявление принято
1369,4046452,,136,136,7,40,53,43,0,заявление принято
1370,3866470,,134,134,1,46,43,45,0,заявление принято
1371,3953714,+,290,280,4,90,96,94,10,проходит по другому приоритету
1372,4144516,+,289,279,2,95,98,86,10,проходит по другому приоритету
1373,3855270,+,288,278,4,94,98,86,10,проходит по другому приоритету
1374,3608975,+,283,273,6,92,100,81,10,проходит по другому приоритету
1375,3966885,+,282,272,5,86,95,91,10,проходит по другому приоритету
1376,3810481,+,281,271,2,97,96,78,10,проходит по другому приоритету
1377,4551665,+,279,269,3,82,90,97,10,проходит по другому приоритету
1378,4256353,+,276,266,3,90,93,83,10,проходит по другому приоритету
1379,4093425,+,275,275,2,84,100,91,0,проходит по другому приоритету
1380,4258128,+,274,264,2,88,90,86,10,проходит по другому приоритету
1381,4369263,+,274,264,3,86,100,78,10,проходит по другому приоритету
1382,3943428,+,274,264,4,80,90,94,10,проходит по другому приоритету
1383,3807528,+,273,263,3,90,98,75,10,проходит по другому приоритету
1384,4567404,+,273,263,3,82,90,91,10,проходит по другому приоритету
1385,4187077,+,272,262,2,88,96,78,10,проходит по другому приоритету
1386,4479667,+,272,262,4,86,90,86,10,проходит по другому приоритету
1387,3709367,+,272,262,2,84,78,100,10,проходит по другому приоритету
1388,3828595,+,271,261,2,92,78,91,10,проходит по другому приоритету
1389,4152209,+,270,260,5,84,93,83,10,проходит по другому приоритету
1390,3779882,+,269,269,8,94,95,80,0,проходит по другому приоритету
1391,4304628,+,269,259,2,88,96,75,10,проходит по другому приоритету
1392,4218485,+,268,268,4,84,98,86,0,проходит по другому приоритету
1393,4446557,+,268,268,3,80,90,98,0,проходит по другому приоритету
1394,4572419,+,267,257,4,88,88,81,10,проходит по другому приоритету
1395,3790377,+,267,257,2,78,85,94,10,проходит по другому приоритету
1396,3977347,+,266,256,3,82,93,81,10,проходит по другому приоритету
1397,4225657,+,266,256,5,82,88,86,10,проходит по другому приоритету
1398,3708244,+,265,255,2,88,95,72,10,проходит по другому приоритету
1399,3931702,+,265,255,3,84,85,86,10,проходит по другому приоритету
1400,4798489,+,265,255,4,82,84,89,10,проходит по другому приоритету
1401,3800925,+,264,254,3,88,88,78,10,проходит по другому приоритету
1402,3911848,+,262,252,3,88,83,81,10,проходит по другому приоритету
1403,4148666,+,261,251,2,80,88,83,10,проходит по другому приоритету
1404,4346699,+,260,259,2,80,90,89,1,проходит по другому приоритету
1405,4226893,+,259,249,2,84,95,70,10,проходит по другому приоритету
1406,4101589,+,259,249,3,78,85,86,10,проходит по другому приоритету
1407,4887864,+,258,258,3,76,93,89,0,проходит по другому приоритету
1408,3788576,+,258,250,4,74,93,83,8,проходит по другому приоритету
1409,4544909,+,258,248,6,80,82,86,10,проходит по другому приоритету
1410,4003042,+,257,247,4,76,80,91,10,проходит по другому приоритету
1411,4010925,+,256,256,2,82,85,89,0,проходит по другому приоритету
1412,4403452,+,256,254,5,80,80,94,2,проходит по другому приоритету
1413,3901908,+,256,246,2,92,71,83,10,проходит по другому приоритету
1414,4146301,+,256,246,3,80,83,83,10,проходит по другому приоритету
1415,3724533,+,256,246,7,74,83,89,10,проходит по другому приоритету
1416,4161029,+,255,255,2,84,90,81,0,проходит по другому приоритету
1417,4605101,+,255,245,4,86,73,86,10,проходит по другому приоритету
1418,4012937,+,255,245,2,80,84,81,10,проходит по другому приоритету
1419,4050278,+,254,254,2,80,93,81,0,проходит по другому приоритету
1420,4565566,+,254,252,4,90,93,69,2,проходит по другому приоритету
1421,4266827,+,254,244,2,74,70,100,10,проходит по другому приоритету
1422,4205628,+,253,253,2,82,93,78,0,проходит по другому приоритету
1423,4382281,+,253,250,3,80,98,72,3,проходит по другому приоритету
1424,3750380,+,253,243,3,84,78,81,10,проходит по другому приоритету
1425,4479679,+,253,243,3,82,88,73,10,проходит по другому приоритету
1426,4063079,+,253,243,2,82,75,86,10,проходит по другому приоритету
1427,4201923,+,253,243,2,78,82,83,10,проходит по другому приоритету
1428,3837427,+,252,249,3,80,88,81,3,проходит по другому приоритету
1429,4103922,+,252,242,3,84,88,70,10,проходит по другому приоритету
1430,4786476,+,252,242,2,82,85,75,10,проходит по другому приоритету
1431,3876924,+,251,251,3,88,90,73,0,проходит по другому приоритету
1432,4174179,+,251,241,2,88,83,70,10,проходит по другому приоритету
1433,4022319,+,251,241,2,74,78,89,10,проходит по другому приоритету
1434,3823136,+,250,240,2,84,70,86,10,проходит по другому приоритету
1435,4429416,+,250,240,6,82,75,83,10,проходит по другому приоритету
1436,4079788,+,250,240,2,80,90,70,10,проходит по другому приоритету
1437,4663119,+,250,240,2,74,85,81,10,проходит по другому приоритету
1438,3786601,+,249,248,3,84,75,89,1,проходит по другому приоритету
1439,4538037,+,249,245,3,82,88,75,4,проходит по другому приоритету
1440,4777534,+,249,239,3,76,72,91,10,проходит по другому приоритету
1441,3856344,+,248,245,2,80,93,72,3,проходит по другому приоритету
1442,3927862,+,248,242,4,82,82,78,6,проходит по другому приоритету
1443,3981991,+,248,238,2,88,75,75,10,проходит по другому приоритету
1444,4242560,+,248,238,3,84,85,69,10,проходит по другому приоритету
1445,4592508,+,248,238,2,80,85,73,10,проходит по другому приоритету
1446,4658744,+,248,238,4,78,85,75,10,проходит по другому приоритету
1447,4025112,+,247,237,2,80,85,72,10,проходит по другому приоритету
1448,3779208,+,246,244,4,86,88,70,2,проходит по другому приоритету
1449,3655394,+,246,236,3,82,79,75,10,проходит по другому приоритету
1450,3761111,+,245,245,3,80,93,72,0,проходит по другому приоритету
1451,4595430,+,245,235,2,84,78,73,10,проходит по другому приоритету
1452,3914879,+,244,244,2,86,86,72,0,проходит по другому приоритету
1453,4640736,+,244,244,3,84,85,75,0,проходит по другому приоритету
1454,4839102,+,244,244,2,80,75,89,0,проходит по другому приоритету
1455,4101647,+,244,234,2,78,75,81,10,проходит по другому приоритету
1456,3950047,+,244,234,2,78,70,86,10,проходит по другому приоритету
1457,4207562,+,243,243,2,90,90,63,0,проходит по другому приоритету
1458,4058282,+,243,233,2,78,83,72,10,проходит по другому приоритету
1459,4673367,+,242,239,6,78,83,78,3,проходит по другому приоритету
1460,4215677,+,242,232,5,78,90,64,10,проходит по другому приоритету
1461,3868654,+,242,232,3,74,83,75,10,проходит по другому приоритету
1462,3837442,+,241,231,5,84,74,73,10,проходит по другому приоритету
1463,4215640,+,241,231,4,84,72,75,10,проходит по другому приоритету
1464,3586758,+,240,240,3,82,85,73,0,проходит по другому приоритету
1465,3870845,+,239,239,6,78,78,83,0,проходит по другому приоритету
1466,4734499,+,239,239,6,74,78,87,0,проходит по другому приоритету
1467,4944251,+,239,229,4,82,78,69,10,проходит по другому приоритету
1468,4628761,+,238,235,2,80,72,83,3,проходит по другому приоритету
1469,4770463,+,238,231,4,78,80,73,7,проходит по другому приоритету
1470,4139429,+,237,237,3,78,93,66,0,проходит по другому приоритету
1471,4258210,+,237,227,6,72,80,75,10,проходит по другому приоритету
1472,4666148,+,236,233,4,80,75,78,3,проходит по другому приоритету
1473,4702084,+,236,233,4,78,88,67,3,проходит по другому приоритету
1474,4225471,+,236,226,5,76,75,75,10,проходит по другому приоритету
1475,3868498,+,235,235,2,74,78,83,0,проходит по другому приоритету
1476,4423612,+,235,225,2,80,67,78,10,проходит по другому приоритету
1477,4669531,+,235,225,5,80,64,81,10,проходит по другому приоритету
1478,3985191,+,234,234,2,82,80,72,0,проходит по другому приоритету
1479,4239551,+,234,234,2,74,88,72,0,проходит по другому приоритету
1480,4104335,+,234,234,7,74,77,83,0,проходит по другому приоритету
1481,4013816,+,234,224,3,74,74,76,10,проходит по другому приоритету
1482,4254742,+,233,231,2,72,90,69,2,проходит по другому приоритету
1483,4134534,+,233,223,4,78,59,86,10,проходит по другому приоритету
1484,4199473,+,232,222,6,78,72,72,10,проходит по другому приоритету
1485,4471796,+,231,231,6,82,85,64,0,проходит по другому приоритету
1486,4019495,+,231,231,2,78,72,81,0,проходит по другому приоритету
1487,4806401,+,231,221,5,70,78,73,10,проходит по другому приоритету
1488,4076399,+,230,220,6,78,67,75,10,проходит по другому приоритету
1489,4668581,+,229,229,6,82,72,75,0,проходит по другому приоритету
1490,4890964,+,229,223,3,78,62,83,6,проходит по другому приоритету
1491,4172965,+,227,227,7,74,83,70,0,проходит по другому приоритету
1492,4593117,+,227,224,2,78,76,70,3,проходит по другому приоритету
1493,4189243,+,227,217,3,72,70,75,10,проходит по другому приоритету
1494,4321439,+,227,217,5,72,67,78,10,проходит по другому приоритету
1495,4128993,+,226,223,3,74,68,81,3,проходит по другому приоритету
1496,4804950,+,225,225,2,80,75,70,0,проходит по другому приоритету
1497,4938573,+,225,225,4,76,71,78,0,проходит по другому приоритету
1498,4338404,+,225,225,5,70,80,75,0,проходит по другому приоритету
1499,4623527,+,224,221,2,78,62,81,3,проходит по другому приоритету
1500,4590417,+,223,223,4,90,64,69,0,проходит по другому приоритету
1501,4163194,+,222,212,7,72,65,75,10,проходит по другому приоритету
1502,4002480,+,221,221,3,80,78,63,0,проходит по другому приоритету
1503,4808486,+,220,220,3,70,75,75,0,проходит по другому приоритету
1504,3648139,+,220,210,8,64,71,75,10,проходит по другому приоритету
1505,4940943,+,219,219,6,72,56,91,0,проходит по другому приоритету
1506,4906202,+,218,218,4,76,88,54,0,проходит по другому приоритету
1507,3700588,+,218,218,3,76,64,78,0,проходит по другому приоритету
1508,4264745,+,218,218,4,72,64,82,0,проходит по другому приоритету
1509,4838575,+,218,208,4,70,65,73,10,проходит по другому приоритету
1510,3901917,+,217,217,2,74,77,66,0,проходит по другому приоритету
1511,3692198,+,217,207,4,76,53,78,10,проходит по другому приоритету
1512,3835956,+,217,207,2,64,54,89,10,проходит по другому приоритету
1513,4371368,+,216,213,7,78,72,63,3,проходит по другому приоритету
1514,4768542,+,215,215,6,78,73,64,0,проходит по другому приоритету
1515,4154447,+,215,215,3,66,80,69,0,проходит по другому приоритету
1516,4640701,+,215,210,4,70,85,55,5,проходит по другому приоритету
1517,3846425,+,214,214,2,74,67,73,0,проходит по другому приоритету
1518,3958791,+,214,214,3,72,64,78,0,проходит по другому приоритету
1519,4247375,+,213,213,3,76,59,78,0,проходит по другому приоритету
1520,4805702,+,213,210,2,76,61,73,3,проходит по другому приоритету
1521,4688249,+,213,203,2,78,56,69,10,проходит по другому приоритету
1522,3599211,+,213,203,6,72,64,67,10,проходит по другому приоритету
1523,3597522,+,212,212,4,78,67,67,0,проходит по другому приоритету
1524,4222562,+,211,211,3,78,67,66,0,проходит по другому приоритету
1525,3952499,+,211,211,3,72,72,67,0,проходит по другому приоритету
1526,4739656,+,211,211,2,72,70,69,0,проходит по другому приоритету
1527,4004800,+,211,211,2,72,67,72,0,проходит по другому приоритету
1528,4407632,+,210,210,4,74,70,66,0,проходит по другому приоритету
1529,4134537,+,210,207,5,70,70,67,3,проходит по другому приоритету
1530,4863237,+,210,200,4,72,70,58,10,проходит по другому приоритету
1531,3763044,+,209,206,3,70,70,66,3,проходит по другому приоритету
1532,4581470,+,208,208,1,72,67,69,0,проходит по другому приоритету
1533,4559041,+,207,207,2,78,83,46,0,проходит по другому приоритету
1534,4107068,+,207,207,5,70,62,75,0,проходит по другому приоритету
1535,4312475,+,207,202,6,70,51,81,5,проходит по другому приоритету
1536,4279198,+,207,200,2,64,70,66,7,проходит по другому приоритету
1537,4294770,+,206,206,3,72,53,81,0,проходит по другому приоритету
1538,4275399,+,206,206,3,64,75,67,0,проходит по другому приоритету
1539,4686440,+,205,205,4,70,80,55,0,проходит по другому приоритету
1540,4832975,+,205,202,5,70,75,57,3,проходит по другому приоритету
1541,3946896,+,204,197,3,74,56,67,7,проходит по другому приоритету
1542,3773006,+,203,203,2,72,67,64,0,проходит по другому приоритету
1543,3812231,+,203,203,4,70,78,55,0,проходит по другому приоритету
1544,3629895,+,203,203,2,70,64,69,0,проходит по другому приоритету
1545,4151946,+,201,201,3,70,73,58,0,проходит по другому приоритету
1546,4869966,+,199,199,7,80,59,60,0,проходит по другому приоритету
1547,4839348,+,199,189,3,74,48,67,10,проходит по другому приоритету
1548,4630056,+,198,198,4,70,70,58,0,проходит по другому приоритету
1549,4017518,+,198,198,2,64,67,67,0,проходит по другому приоритету
1550,4219465,+,198,197,1,72,65,60,1,проходит по другому приоритету
1551,4776904,+,198,195,3,74,70,51,3,проходит по другому приоритету
1552,3952650,+,195,195,3,66,59,70,0,проходит по другому приоритету
1553,4723406,+,192,192,6,76,67,49,0,проходит по другому приоритету
1554,3961441,+,191,191,1,64,67,60,0,проходит по другому приоритету
1555,4635537,+,191,181,5,64,54,63,10,проходит по другому приоритету
1556,4073375,+,190,190,3,78,46,66,0,проходит по другому приоритету
1557,4270438,+,189,189,4,70,67,52,0,проходит по другому приоритету
1558,4079792,+,188,188,2,61,57,70,0,проходит по другому приоритету
1559,4756387,+,185,182,1,64,75,43,3,заявление принято
1560,4466768,+,184,184,3,76,59,49,0,проходит по другому приоритету
1561,4548984,+,183,181,2,64,51,66,2,проходит по другому приоритету
1562,4592082,+,183,180,1,72,56,52,3,проходит по другому приоритету
1563,3844821,+,181,181,2,64,54,63,0,проходит по другому приоритету
1564,3706078,+,181,181,2,58,62,61,0,заявление принято
1565,4032469,+,179,179,3,70,54,55,0,проходит по другому приоритету
1566,3600629,+,179,179,2,70,51,58,0,проходит по другому приоритету
1567,4885249,+,179,179,2,64,54,61,0,заявление принято
1568,3701345,+,176,176,4,64,46,66,0,проходит по другому приоритету
1569,4129004,+,175,175,2,70,51,54,0,проходит по другому приоритету
1570,4661041,+,173,171,7,58,58,55,2,проходит по другому приоритету
1571,4761411,+,172,172,4,64,48,60,0,проходит по другому приоритету
1572,3847803,+,166,166,7,58,48,60,0,проходит по другому приоритету
1573,4600273,+,165,165,4,64,56,45,0,проходит по другому приоритету
1574,4895151,+,165,165,3,52,53,60,0,проходит по другому приоритету
1575,4224142,+,165,164,1,52,64,48,1,заявление принято
1576,4515260,+,163,163,7,52,48,63,0,проходит по другому приоритету
1577,4805125,+,160,160,4,46,54,60,0,проходит по другому приоритету
1578,4763509,+,158,158,2,70,46,42,0,проходит по другому приоритету
1579,3954396,+,149,149,2,40,51,58,0,проходит по другому приоритету
1580,3818917,+,143,143,2,52,51,40,0,проходит по другому приоритету
